study,arm,seed,tag,days,founders,residents,births,deaths,deaths_hunger,deaths_attack,alive_end,food_gini_end,food_gini_mean,houses,trials,convictions,elections,proposals,proposals_passed,takes,attacks,food_given,lines,undelivered,food_spoiled,mayor_changes,trust,fair,legit
castes,ctl,1,caste50sj_ctl,200,50,50,0,0,0,0,50,0.047,0.1045,0,0,0,10,3,3,0,0,168,9973,0,0,,6.344,7.719,7.555
castes,ctl,10,caste50sj_ctl,200,50,50,0,3,3,0,47,0.0239,0.1096,0,0,0,10,3,3,0,0,0,9488,0,0,,6.24,7.612,7.42
castes,ctl,2,caste50sj_ctl,200,50,50,0,0,0,0,50,0.0585,0.1178,0,0,0,10,2,2,0,0,0,9945,0,0,,5.934,7.671,7.471
castes,ctl,3,caste50sj_ctl,200,50,50,0,0,0,0,50,0.0189,0.0672,0,0,0,10,4,3,0,0,1,9974,0,0,,6.309,7.826,7.579
castes,ctl,4,caste50sj_ctl,200,50,50,0,0,0,0,50,0.0577,0.1303,1,0,0,10,2,2,0,0,0,9978,0,0,,6.185,7.913,7.691
castes,ctl,5,caste50sj_ctl,200,50,50,0,0,0,0,50,0.0344,0.0731,0,0,0,10,3,2,0,0,0,9923,0,0,,6.569,8.119,7.803
castes,ctl,6,caste50sj_ctl,200,50,50,0,0,0,0,50,0.0375,0.0712,0,0,0,10,3,3,0,0,0,9928,0,0,,6.606,7.799,7.565
castes,ctl,7,caste50sj_ctl,200,50,50,0,0,0,0,50,0.0159,0.0541,0,0,0,10,3,2,0,0,0,9939,0,0,,6.383,8.049,7.774
castes,ctl,8,caste50sj_ctl,200,50,50,0,0,0,0,50,0.1128,0.1651,0,0,0,10,5,5,0,0,0,9995,0,0,,5.828,6.706,6.591
castes,ctl,9,caste50sj_ctl,200,50,50,0,0,0,0,50,0.0758,0.1094,0,0,0,10,2,2,0,0,0,9950,0,0,,6.177,7.921,7.671
castes,ctlr,1,caste50sj_ctlr,200,50,50,0,0,0,0,50,0.0378,0.0896,0,0,0,10,4,2,0,0,0,9928,0,0,,5.887,7.08,6.903
castes,ctlr,10,caste50sj_ctlr,200,50,50,0,2,2,0,48,0.024,0.0934,0,0,0,10,1,1,0,0,0,9656,0,0,,5.637,6.764,6.615
castes,ctlr,2,caste50sj_ctlr,200,50,50,0,0,0,0,50,0.026,0.0944,0,0,0,10,2,2,0,0,0,9959,0,0,,5.775,6.95,6.804
castes,ctlr,3,caste50sj_ctlr,200,50,50,0,0,0,0,50,0.0186,0.0625,0,0,0,10,3,3,0,0,0,9950,0,0,,6.001,7.199,6.939
castes,ctlr,4,caste50sj_ctlr,200,50,50,0,0,0,0,50,0.0223,0.0704,0,0,0,10,4,2,0,0,0,9977,0,0,,6.135,7.248,7.01
castes,ctlr,5,caste50sj_ctlr,200,50,50,0,0,0,0,50,0.0347,0.0594,0,0,0,10,4,3,0,0,0,9941,0,0,,6.404,7.298,7.143
castes,ctlr,6,caste50sj_ctlr,200,50,50,0,0,0,0,50,0.014,0.0413,0,0,0,10,2,2,0,0,0,9970,0,0,,6.072,7.21,6.967
castes,ctlr,7,caste50sj_ctlr,200,50,50,0,0,0,0,50,0.0162,0.0769,0,0,0,10,5,1,0,0,0,9954,0,0,,5.512,6.782,6.713
castes,ctlr,8,caste50sj_ctlr,200,50,50,0,0,0,0,50,0.0287,0.0799,0,0,0,10,3,2,0,0,0,9944,0,0,,5.934,7.225,6.987
castes,ctlr,9,caste50sj_ctlr,200,50,50,0,0,0,0,50,0.0197,0.0933,0,0,0,10,2,2,0,0,0,9964,0,0,,5.966,7.062,6.96
castes,exp,1,caste50sj_exp,200,50,50,0,0,0,0,50,0.0328,0.0651,0,0,0,10,3,2,0,0,0,9947,0,0,,5.783,6.031,5.955
castes,exp,10,caste50sj_exp,200,50,50,0,0,0,0,50,0.02,0.0705,0,0,0,10,2,2,0,0,0,9987,0,0,,5.779,6.296,6.181
castes,exp,2,caste50sj_exp,200,50,50,0,0,0,0,50,0.2222,0.2295,1,0,0,10,3,3,0,0,0,9938,0,0,,5.638,6.28,6.104
castes,exp,3,caste50sj_exp,200,50,50,0,0,0,0,50,0.3327,0.3912,0,0,0,10,5,3,0,0,0,9953,0,0,,5.381,6.068,5.955
castes,exp,4,caste50sj_exp,200,50,50,0,0,0,0,50,0.044,0.0917,0,0,0,10,5,3,0,0,0,9931,0,0,,5.814,6.337,6.162
castes,exp,5,caste50sj_exp,200,50,50,0,0,0,0,50,0.0175,0.0889,0,0,0,10,4,2,0,0,0,9955,0,0,,5.615,6.117,6.025
castes,exp,6,caste50sj_exp,200,50,50,0,0,0,0,50,0.0152,0.0451,0,0,0,10,0,0,0,0,0,9976,0,0,,6.047,6.114,6.123
castes,exp,7,caste50sj_exp,200,50,50,0,0,0,0,50,0.0216,0.0745,0,0,0,10,6,4,0,0,0,9967,0,0,,5.857,6.312,6.163
castes,exp,8,caste50sj_exp,200,50,50,0,0,0,0,50,0.0992,0.1246,0,0,0,10,6,4,0,0,0,10003,0,0,,5.887,6.009,5.909
castes,exp,9,caste50sj_exp,200,50,51,1,0,0,0,51,0.0387,0.0849,0,0,0,10,3,2,0,0,0,10135,0,0,,5.973,6.108,6.164
castes,inf,1,caste50sj_inf,200,50,50,0,0,0,0,50,0.0205,0.0683,0,0,0,10,4,3,0,0,0,9959,0,0,,6.243,6.809,6.71
castes,inf,10,caste50sj_inf,200,50,50,0,0,0,0,50,0.1287,0.1638,0,0,0,10,6,4,0,0,0,9963,0,0,,6.271,6.653,6.644
castes,inf,2,caste50sj_inf,200,50,50,0,2,2,0,48,0.3833,0.424,0,0,0,10,2,2,0,0,0,9767,0,0,,5.325,6.3,6.255
castes,inf,3,caste50sj_inf,200,50,50,0,0,0,0,50,0.0505,0.0809,0,0,0,10,4,2,0,0,0,9943,0,0,,5.63,6.397,6.445
castes,inf,4,caste50sj_inf,200,50,50,0,0,0,0,50,0.0175,0.0594,1,0,0,10,3,2,0,0,0,9947,0,0,,6.173,7.283,7.08
castes,inf,5,caste50sj_inf,200,50,50,0,0,0,0,50,0.0123,0.0512,0,0,0,10,3,2,0,0,0,9936,0,0,,5.831,7.136,7.064
castes,inf,6,caste50sj_inf,200,50,50,0,0,0,0,50,0.0213,0.0673,0,0,0,10,3,2,0,0,0,9978,0,0,,6.209,7.307,7.134
castes,inf,7,caste50sj_inf,200,50,50,0,0,0,0,50,0.0124,0.0604,0,0,0,10,2,2,0,0,0,9966,0,0,,5.739,7.055,6.942
castes,inf,8,caste50sj_inf,200,50,50,0,0,0,0,50,0.0317,0.074,0,0,0,10,6,3,0,0,0,9954,0,0,,5.835,6.077,6.122
castes,inf,9,caste50sj_inf,200,50,50,0,0,0,0,50,0.0117,0.0396,0,0,0,10,2,2,0,0,0,9958,0,0,,6.083,7.139,6.99
silent,shapes,1,silent24_shapes,200,24,24,0,0,0,0,24,0.0304,0.1189,0,0,0,0,0,0,0,0,0,4573,0,0,,5.026,7.37,
silent,shapes,10,silent24_shapes,200,24,24,0,1,1,0,23,0.0434,0.1417,0,0,0,0,0,0,0,0,0,4327,0,0,,5.123,7.302,
silent,shapes,2,silent24_shapes,200,24,24,0,1,1,0,23,0.0251,0.1014,0,0,0,0,0,0,0,0,0,3388,0,0,,4.967,7.165,
silent,shapes,3,silent24_shapes,200,24,24,0,4,4,0,20,0.0282,0.1341,0,0,0,0,0,0,0,0,0,2920,0,0,,4.973,7.156,
silent,shapes,4,silent24_shapes,200,24,24,0,1,1,0,23,0.0306,0.1278,0,0,0,0,0,0,0,0,0,3348,0,0,,4.969,7.035,
silent,shapes,5,silent24_shapes,200,24,25,1,4,4,0,21,0.0229,0.1081,0,0,0,0,0,0,0,0,5,2890,0,0,,5.293,7.043,
silent,shapes,6,silent24_shapes,200,24,24,0,3,3,0,21,0.0229,0.1073,0,0,0,0,0,0,0,0,0,2913,0,0,,4.897,7.154,
silent,shapes,7,silent24_shapes,200,24,24,0,2,2,0,22,0.0318,0.1122,0,0,0,0,0,0,0,0,0,3945,0,0,,4.95,7.354,
silent,shapes,8,silent24_shapes,200,24,24,0,5,5,0,19,0.033,0.1248,0,0,0,0,0,0,0,0,0,2277,0,0,,4.965,7.12,
silent,shapes,9,silent24_shapes,200,24,24,0,3,3,0,21,0.0323,0.1225,0,0,0,0,0,0,0,0,0,2606,1,0,,4.93,7.102,
silent,silent,1,silent24_silent,200,24,24,0,4,4,0,20,0.0307,0.1178,0,0,0,0,0,0,0,0,0,0,57,0,,4.987,6.931,
silent,silent,10,silent24_silent,200,24,24,0,3,3,0,21,0.0415,0.1499,0,0,0,0,0,0,0,0,0,0,68,0,,5.043,7.028,
silent,silent,2,silent24_silent,200,24,24,0,4,4,0,20,0.0269,0.1114,0,0,0,0,0,0,0,0,0,0,58,0,,5.023,7.232,
silent,silent,3,silent24_silent,200,24,24,0,7,7,0,17,0.0242,0.1184,0,0,0,0,0,0,0,0,0,0,80,0,,5.007,7.087,
silent,silent,4,silent24_silent,200,24,24,0,3,3,0,21,0.0368,0.1431,0,0,0,0,0,0,0,0,0,0,74,0,,5.054,7.008,
silent,silent,5,silent24_silent,200,24,24,0,6,6,0,18,0.0803,0.1717,0,0,0,0,0,0,0,0,0,0,86,0,,5.054,7.052,
silent,silent,6,silent24_silent,200,24,24,0,4,4,0,20,0.035,0.1281,0,0,0,0,0,0,0,0,0,0,64,0,,5.01,6.963,
silent,silent,7,silent24_silent,200,24,24,0,1,1,0,23,0.0379,0.1276,0,0,0,0,0,0,0,0,0,0,65,0,,5.018,7.03,
silent,silent,8,silent24_silent,200,24,24,0,7,7,0,17,0.0362,0.1354,0,0,0,0,0,0,0,0,0,0,105,0,,5.026,7.167,
silent,silent,9,silent24_silent,200,24,24,0,6,6,0,18,0.0387,0.1424,0,0,0,0,0,0,0,0,0,0,65,0,,5.005,7.135,
silent,talk,1,silent24_talk,200,24,24,0,17,17,0,7,0.0241,0.1615,0,0,0,0,0,0,0,0,7,1955,0,0,,5.958,6.85,
silent,talk,10,silent24_talk,200,24,26,2,8,8,0,18,0.0426,0.1789,5,0,0,0,0,0,0,0,10,3684,0,0,,7.046,7.706,
silent,talk,2,silent24_talk,200,24,25,1,8,8,0,17,0.0259,0.1111,0,0,0,0,0,0,0,0,22,3546,0,0,,6.801,7.737,
silent,talk,3,silent24_talk,200,24,24,0,10,10,0,14,0.0365,0.1827,0,0,0,0,0,0,0,0,7,3121,0,0,,6.359,7.381,
silent,talk,4,silent24_talk,200,24,24,0,10,10,0,14,0.0257,0.1369,0,0,0,0,0,0,0,0,3,3024,0,0,,6.37,7.341,
silent,talk,5,silent24_talk,200,24,24,0,14,14,0,10,0.0156,0.1074,0,0,0,0,0,0,0,0,4,2359,0,0,,6.344,7.154,
silent,talk,6,silent24_talk,200,24,24,0,13,13,0,11,0.0122,0.1055,0,0,0,0,0,0,0,0,1,2532,0,0,,6.127,7.292,
silent,talk,7,silent24_talk,200,24,24,0,13,13,0,11,0.0169,0.1068,1,0,0,0,0,0,0,0,1,2447,0,0,,6.432,7.394,
silent,talk,8,silent24_talk,200,24,24,0,9,9,0,15,0.0281,0.1475,1,0,0,0,0,0,0,0,30,3204,0,0,,6.335,7.54,
silent,talk,9,silent24_talk,200,24,25,1,11,11,0,14,0.013,0.0786,0,0,0,0,0,0,0,0,0,2987,0,0,,6.643,7.348,
steered,down,1,op400_down,400,24,24,0,0,0,0,24,0.0173,0.0586,0,0,0,20,2,2,0,0,0,9541,0,0,,7.151,8.319,
steered,down,10,op400_down,400,24,24,0,0,0,0,24,0.2107,0.2624,1,0,0,20,5,4,0,0,0,9671,0,0,,5.987,6.987,
steered,down,2,op400_down,400,24,24,0,1,1,0,23,0.1159,0.1954,0,0,0,20,9,4,0,0,1,9237,0,0,,6.396,7.336,
steered,down,3,op400_down,400,24,24,0,0,0,0,24,0.0648,0.114,0,0,0,20,3,3,0,0,5,9574,0,0,,7.1,8.274,
steered,down,4,op400_down,400,24,24,0,0,0,0,24,0.0636,0.1065,0,0,0,20,2,2,0,0,0,9578,0,0,,6.848,8.091,
steered,down,5,op400_down,400,24,24,0,0,0,0,24,0.1034,0.1434,0,0,0,20,5,5,0,0,1,9574,0,0,,7.245,8.443,
steered,down,6,op400_down,400,24,24,0,0,0,0,24,0.063,0.1114,0,0,0,20,3,2,0,0,0,9431,0,0,,6.971,8.253,
steered,down,7,op400_down,400,24,24,0,0,0,0,24,0.4145,0.3636,0,0,0,20,9,7,0,0,0,9774,0,0,,5.357,6.197,
steered,down,8,op400_down,400,24,25,1,3,3,0,22,0.0214,0.0698,0,0,0,20,1,1,0,0,23,8884,0,0,,7.056,7.829,
steered,down,9,op400_down,400,24,24,0,0,0,0,24,0.0605,0.106,0,0,0,20,5,3,0,0,0,9541,0,0,,7.2,8.347,
steered,off,1,op400_off,400,24,24,0,2,2,0,22,0.0799,0.1341,0,0,0,20,4,3,0,0,0,8862,0,0,,7.035,7.845,
steered,off,10,op400_off,400,24,24,0,0,0,0,24,0.0508,0.0918,0,0,0,20,4,4,0,0,0,9601,0,0,,7.397,8.517,
steered,off,2,op400_off,400,24,24,0,0,0,0,24,0.0552,0.0958,1,0,0,20,2,2,0,0,0,9501,0,0,,6.953,8.279,
steered,off,3,op400_off,400,24,24,0,3,3,0,21,0.0126,0.0681,5,0,0,20,3,3,0,0,0,8501,0,0,,7.252,8.016,
steered,off,4,op400_off,400,24,24,0,0,0,0,24,0.0818,0.1151,0,0,0,20,2,2,0,0,0,9605,0,0,,7.087,8.299,
steered,off,5,op400_off,400,24,24,0,0,0,0,24,0.016,0.0746,0,0,0,20,4,3,0,0,0,9601,0,0,,6.887,8.157,
steered,off,6,op400_off,400,24,24,0,0,0,0,24,0.0174,0.0697,0,0,0,20,2,2,0,0,0,9589,0,0,,6.952,8.3,
steered,off,7,op400_off,400,24,24,0,0,0,0,24,0.1066,0.1542,0,0,0,20,6,4,0,0,8,9615,0,0,,6.594,7.727,
steered,off,8,op400_off,400,24,24,0,0,0,0,24,0.2515,0.2832,0,0,0,20,8,6,0,0,0,9725,0,0,,5.827,6.46,
steered,off,9,op400_off,400,24,24,0,0,0,0,24,0.1932,0.2105,0,0,0,20,5,4,0,0,0,9600,0,0,,6.77,7.883,
steered,rand,1,op400_rand,400,24,24,0,0,0,0,24,0.0155,0.0591,0,0,0,20,3,2,0,0,0,9457,0,0,,7.426,8.55,
steered,rand,10,op400_rand,400,24,24,0,1,1,0,23,0.0162,0.0637,0,0,0,20,1,1,0,0,0,9262,0,0,,7.272,7.999,
steered,rand,2,op400_rand,400,24,24,0,0,0,0,24,0.1497,0.2108,0,7,3,20,7,6,0,0,0,9533,0,0,,5.891,7.135,
steered,rand,3,op400_rand,400,24,24,0,0,0,0,24,0.0518,0.0953,0,0,0,20,3,3,0,0,0,9376,0,0,,7.139,8.393,
steered,rand,4,op400_rand,400,24,24,0,0,0,0,24,0.0534,0.1506,0,3,1,20,6,5,0,0,0,9453,0,0,,6.643,7.566,
steered,rand,5,op400_rand,400,24,24,0,0,0,0,24,0.0836,0.1491,0,0,0,20,3,3,0,0,0,9458,0,0,,6.72,8.04,
steered,rand,6,op400_rand,400,24,24,0,0,0,0,24,0.0577,0.1002,0,0,0,20,2,2,0,0,0,9448,0,0,,6.946,8.205,
steered,rand,7,op400_rand,400,24,24,0,2,2,0,22,0.055,0.1167,1,0,0,20,3,3,0,0,0,8737,0,0,,7.134,8.186,
steered,rand,8,op400_rand,400,24,24,0,0,0,0,24,0.4827,0.4277,1,0,0,20,6,5,0,0,50,9522,0,0,,5.502,6.284,
steered,rand,9,op400_rand,400,24,24,0,0,0,0,24,0.0113,0.0544,0,0,0,20,4,2,0,0,0,9412,0,0,,7.384,8.417,
steered,up,1,op400_up,400,24,24,0,0,0,0,24,0.0879,0.1243,0,0,0,20,3,2,0,0,0,9592,0,0,,7.981,8.493,
steered,up,10,op400_up,400,24,24,0,3,3,0,21,0.0627,0.1225,0,0,0,20,2,2,0,0,0,8508,0,0,,7.151,7.737,
steered,up,2,op400_up,400,24,24,0,4,4,0,20,0.305,0.3784,0,0,0,20,6,5,0,0,0,8174,0,0,,6.424,7.392,
steered,up,3,op400_up,400,24,24,0,0,0,0,24,0.2734,0.3576,0,0,0,20,5,4,0,0,13,9669,0,0,,6.588,7.576,
steered,up,4,op400_up,400,24,24,0,0,0,0,24,0.1044,0.1582,2,0,0,20,2,2,0,0,0,9630,0,0,,7.02,7.986,
steered,up,5,op400_up,400,24,24,0,0,0,0,24,0.0182,0.0751,0,0,0,20,2,2,0,0,0,9597,0,0,,7.71,8.616,
steered,up,6,op400_up,400,24,24,0,0,0,0,24,0.078,0.1229,0,0,0,20,4,3,0,0,0,9587,0,0,,7.457,8.572,
steered,up,7,op400_up,400,24,24,0,0,0,0,24,0.0097,0.0517,0,0,0,20,2,2,0,0,0,9592,0,0,,7.57,8.525,
steered,up,8,op400_up,400,24,24,0,0,0,0,24,0.0146,0.0661,0,0,0,20,3,2,0,0,0,9596,0,0,,7.675,8.558,
steered,up,9,op400_up,400,24,24,0,3,3,0,21,0.0152,0.0987,1,0,0,20,5,4,0,0,318,8808,0,0,,6.933,7.746,
richpoor,food100_fg,1,food100_fg,400,100,114,14,6,6,0,108,0.32,0.4356,110,4,4,0,0,0,4,1,25685,23455,0,53678,,5.222,6.507,
richpoor,food100_fq,1,food100_fq,400,100,101,1,18,18,0,83,0.4788,0.4835,1,1,1,0,0,0,36,0,3224,25288,0,3865,,4.943,6.416,
richpoor,food100_g,1,food100_g,400,100,113,13,41,41,0,72,0.169,0.3038,76,4,3,0,0,0,177,0,2888,5662,0,5338,,3.547,4.924,
richpoor,food100_q,1,food100_q,400,100,125,25,2,2,0,123,0.6554,0.5162,168,0,0,0,0,0,0,0,160,46707,0,54935,,6.245,7.76,
richpoor,base100_g,1,base100_g,400,100,103,3,73,73,0,30,0.4916,0.4995,0,15,15,0,0,0,292,0,3732,5984,0,0,,3.44,4.551,
richpoor,base100_q,1,base100_q,400,100,100,0,3,3,0,97,0.0077,0.042,1,0,0,0,0,0,0,0,0,38923,0,0,,6.849,7.977,
mixed,mix1k_r1,1,mix1k_r1,1000,50,50,0,16,15,1,34,0.2937,0.3464,0,1,1,0,0,0,21,1,3478,29019,0,0,,5.112,6.443,
mixed,mix1k_r2,1,mix1k_r2,1000,50,50,0,15,15,0,35,0.2691,0.2753,0,0,0,50,9,1,3,0,326,27402,0,0,,4.994,6.483,
mixed,mix100_r1,1,mix100_r1,1000,100,100,0,32,32,0,68,0.3518,0.3868,0,6,6,0,0,0,59,1,8462,53579,0,0,,4.453,6.065,
mixed,mix100_r2,1,mix100_r2,1000,100,100,0,0,0,0,100,0.4873,0.455,0,2,2,50,203,47,18,0,735,56870,0,0,,4.714,6.817,
coins,coin100_g,1,coin100_g,400,100,127,27,63,63,0,63,0.5819,0.5362,213,11,9,0,0,0,75,0,2572,4639,0,0,,4.037,4.928,
coins,coin100_q,1,coin100_q,400,100,100,0,0,0,0,100,0.1224,0.1912,14,0,0,0,0,0,0,0,13,40385,0,0,,6.406,8.053,
coins,coinfood100_g,1,coinfood100_g,400,100,189,89,32,32,0,157,0.1443,0.2819,1145,5,3,0,0,0,275,0,4619,8124,0,5188,,4.113,5.144,
coins,coinfood100_q,1,coinfood100_q,400,100,109,9,5,5,0,104,0.6797,0.5798,53,0,0,0,0,0,1,0,9,42699,0,51827,,6.249,7.83,
