day,alive,no_food,in_jail,food_held,store_food,tax_pct,laws,talk,gifts,deals,trust_0_10,fair_0_10,stay_0_100,checkins,at_Homes,at_Square,at_Fields,at_Woods,at_Workshop,at_Market,at_Clinic,at_Jail,at_Town_Hall
0,24,0,0,240,0,0,0,0,0,0,,,,0,24,0,0,0,0,0,0,0,0
1,24,0,0,216,0,0,0,14,0,0,5.00,8.00,97.50,6,0,24,0,0,0,0,0,0,0
2,24,0,0,192,0,0,0,29,0,0,5.00,8.25,97.50,8,0,22,2,0,0,0,0,0,0
3,24,0,0,172,0,0,0,25,0,0,5.00,8.00,92.86,7,0,2,22,0,0,0,0,0,0
4,24,0,0,192,0,0,0,23,0,0,5.00,8.00,95.00,4,0,0,24,0,0,0,0,0,0
5,24,0,0,216,0,0,0,24,0,0,5.00,8.00,92.50,4,0,0,24,0,0,0,0,0,0
6,24,0,0,240,0,0,0,24,0,0,5.00,8.00,90.00,3,0,0,24,0,0,0,0,0,0
7,24,0,0,264,0,0,0,24,0,0,5.00,8.00,95.83,6,0,0,24,0,0,0,0,0,0
8,24,0,0,288,0,0,0,24,0,0,5.50,8.00,94.17,6,0,0,24,0,0,0,0,0,0
9,24,0,0,312,0,0,0,24,0,0,5.43,8.00,95.00,7,0,0,24,0,0,0,0,0,0
10,24,0,0,330,0,0,0,24,0,0,5.00,8.00,91.67,6,0,3,21,0,0,0,0,0,0
11,24,0,0,330,0,0,0,23,0,0,5.00,8.00,93.33,6,0,12,12,0,0,0,0,0,0
12,24,0,0,308,0,0,0,23,0,0,5.50,7.90,92.50,10,0,22,2,0,0,0,0,0,0
13,24,0,0,286,0,0,0,25,0,0,5.00,7.86,90.71,7,0,20,3,1,0,0,0,0,0
14,24,0,0,268,0,0,0,26,0,0,5.00,7.83,94.17,6,0,10,13,1,0,0,0,0,0
15,24,0,0,270,0,0,0,22,0,0,5.00,8.00,90.00,4,0,3,18,3,0,0,0,0,0
16,24,0,0,275,0,0,0,20,0,0,5.60,8.00,94.00,5,0,5,16,3,0,0,0,0,0
17,24,0,0,261,0,0,0,22,0,0,6.00,8.00,93.33,3,0,15,5,4,0,0,0,0,0
18,24,0,0,239,0,0,0,27,0,0,5.75,8.00,91.25,4,0,18,4,2,0,0,0,0,0
19,24,0,0,221,0,0,0,24,0,0,6.33,7.83,93.33,6,0,13,8,3,0,0,0,0,0
20,24,0,0,211,0,0,0,24,0,0,5.60,7.80,92.00,5,0,9,12,3,0,0,0,0,0
21,24,0,0,213,0,0,0,24,0,0,5.00,8.00,90.00,1,0,9,14,1,0,0,0,0,0
22,24,0,0,209,0,0,0,25,0,0,5.50,7.83,94.17,6,0,15,8,1,0,0,0,0,0
23,24,0,0,194,0,0,0,24,0,0,5.00,7.40,92.00,5,0,17,6,1,0,0,0,0,0
24,24,1,0,174,0,0,0,26,0,0,5.00,7.80,94.00,5,0,18,5,1,0,0,0,0,0
25,24,1,0,163,0,0,0,22,0,0,5.00,7.62,91.88,8,0,19,5,0,0,0,0,0,0
26,24,2,0,155,0,0,0,27,0,0,5.00,8.00,95.83,6,0,13,11,0,0,0,0,0,0
27,24,1,0,163,0,0,0,25,0,0,5.43,7.86,93.57,7,0,4,19,1,0,0,0,0,0
28,24,0,0,191,0,0,0,23,0,0,5.60,7.60,96.00,5,0,2,21,1,0,0,0,0,0
29,24,0,0,222,0,0,0,24,0,0,5.00,7.67,93.33,3,0,4,20,0,0,0,0,0,0
30,24,1,0,240,0,0,0,23,0,0,5.00,7.83,91.67,6,0,9,14,1,0,0,0,0,0
31,24,1,0,250,0,0,0,26,0,0,6.00,7.67,93.33,3,0,9,14,1,0,0,0,0,0
32,24,1,0,254,0,0,0,23,0,0,5.75,7.75,95.00,4,0,12,12,0,0,0,0,0,0
33,24,1,0,258,0,0,0,25,0,0,5.00,7.80,94.00,5,0,11,12,1,0,0,0,0,0
34,24,1,0,268,0,0,0,26,0,0,5.00,8.00,96.00,5,0,8,14,2,0,0,0,0,0
35,24,0,0,271,0,0,0,24,0,0,5.00,8.00,96.25,4,0,13,10,1,0,0,0,0,0
36,24,0,0,262,0,0,0,26,0,0,5.00,7.60,92.00,5,0,17,6,1,0,0,0,0,0
37,24,0,0,256,0,0,0,24,0,0,5.00,7.50,92.50,4,0,8,12,4,0,0,0,0,0
38,24,0,0,268,0,0,0,23,0,0,5.00,8.00,93.00,5,0,3,14,7,0,0,0,0,0
39,24,0,0,283,0,0,0,23,0,0,5.00,7.75,93.75,8,0,3,14,7,0,0,0,0,0
40,24,0,0,298,0,0,0,25,0,0,5.50,7.67,92.50,6,0,8,13,3,0,0,0,0,0
41,24,1,0,292,0,0,0,25,0,0,5.00,7.57,90.71,7,0,15,6,3,0,0,0,0,0
42,24,3,0,269,0,0,0,28,0,0,5.00,7.75,91.25,4,0,16,2,6,0,0,0,0,0
43,24,3,0,253,0,0,0,28,0,0,5.00,7.75,93.75,4,0,13,3,8,0,0,0,0,0
44,24,3,0,238,0,0,0,26,0,0,5.00,7.67,95.00,3,0,10,4,9,0,1,0,0,0
45,24,6,0,226,0,0,0,27,0,1,5.00,7.75,92.50,8,0,15,3,5,0,1,0,0,0
46,24,6,0,217,0,0,0,24,0,1,5.00,7.80,92.00,5,0,15,5,3,0,1,0,0,0
47,24,4,0,212,0,0,0,27,0,1,5.00,7.33,89.17,6,0,10,12,1,0,1,0,0,0
48,24,2,0,220,0,0,0,22,0,1,5.00,7.43,90.71,7,0,6,16,1,0,1,0,0,0
49,24,2,0,243,0,0,0,25,0,0,5.00,7.75,96.25,4,0,6,16,2,0,0,0,0,0
50,24,2,0,270,0,0,0,25,0,0,3.33,7.33,93.33,3,0,3,19,1,0,1,0,0,0
51,24,2,0,306,0,0,0,25,0,1,5.00,8.00,95.00,5,0,2,20,1,0,1,0,0,0
52,24,2,0,347,0,0,0,23,0,1,5.00,7.83,93.33,6,0,0,21,1,0,2,0,0,0
53,24,2,0,392,0,0,0,22,0,2,5.00,7.67,91.67,6,0,1,21,0,0,2,0,0,0
54,24,2,0,439,0,0,0,24,0,2,,,,0,0,1,21,0,0,2,0,0,0
55,24,2,0,480,0,0,0,23,0,1,6.00,7.67,93.33,3,0,2,19,1,0,2,0,0,0
56,24,2,0,513,0,0,0,25,0,1,5.33,8.00,93.33,9,0,6,16,0,0,2,0,0,0
57,24,2,0,534,0,0,0,21,0,1,5.00,8.00,90.00,2,0,9,13,0,0,2,0,0,0
58,24,2,0,527,0,0,0,23,0,0,5.00,8.00,93.33,3,0,17,5,1,0,1,0,0,0
59,24,2,0,513,0,0,0,24,0,0,5.00,7.40,92.00,5,0,16,5,2,0,1,0,0,0
60,24,1,0,509,0,0,0,24,0,0,5.00,7.33,91.67,3,0,10,10,3,0,1,0,0,0
61,24,1,0,521,0,0,0,26,0,0,5.00,7.50,95.00,2,0,5,9,9,0,1,0,0,0
62,24,1,0,525,0,0,0,23,0,0,5.00,8.00,96.67,3,0,5,8,10,0,0,1,0,0
63,23,0,0,505,0,0,0,25,0,0,5.00,7.25,88.75,4,0,12,2,9,0,0,0,0,0
64,23,0,0,482,0,0,0,23,0,0,5.00,7.60,94.00,5,0,19,0,3,0,0,1,0,0
65,23,1,0,459,0,0,0,25,0,0,5.14,7.43,92.14,7,0,22,0,1,0,0,0,0,0
66,23,1,0,437,0,0,0,21,0,0,5.00,8.00,95.00,5,0,18,4,0,0,0,0,0,1
67,23,0,0,429,0,0,0,23,0,0,5.00,8.00,96.67,3,0,10,13,0,0,0,0,0,0
68,23,1,0,455,0,0,0,23,0,0,5.00,7.50,97.50,2,0,2,21,0,0,0,0,0,0
69,23,0,0,512,0,0,0,23,0,0,5.00,7.50,92.50,2,0,0,23,0,0,0,0,0,0
70,23,0,0,578,0,0,0,23,0,0,6.00,7.67,93.33,3,0,0,23,0,0,0,0,0,0
71,23,0,0,646,0,0,0,23,0,0,5.00,7.71,93.57,7,0,0,23,0,0,0,0,0,0
72,23,0,0,714,0,0,0,23,0,0,5.60,7.80,94.00,5,0,0,23,0,0,0,0,0,0
73,23,0,0,770,0,0,0,23,0,0,5.00,8.00,95.00,6,0,3,20,0,0,0,0,0,0
74,23,0,0,823,0,0,0,25,0,0,5.75,7.75,93.75,4,0,4,19,0,0,0,0,0,0
75,23,0,0,868,0,0,0,23,0,0,5.60,8.00,96.00,5,0,3,20,0,0,0,0,0,0
76,23,0,0,889,0,0,0,19,0,0,5.00,8.00,96.67,3,0,11,12,0,0,0,0,0,0
77,23,0,0,898,0,0,0,24,0,0,5.00,8.00,96.25,4,0,14,9,0,0,0,0,0,0
78,23,0,0,891,0,0,0,24,0,0,5.00,7.67,91.67,3,0,17,6,0,0,0,0,0,0
79,23,0,0,880,0,0,0,23,0,0,5.00,7.25,93.75,4,0,17,6,0,0,0,0,0,0
80,23,0,0,881,0,0,0,23,0,0,5.00,7.33,91.67,3,0,14,9,0,0,0,0,0,0
81,23,0,0,894,0,0,0,23,0,0,5.00,7.57,92.86,7,0,10,13,0,0,0,0,0,0
82,23,0,0,915,0,0,0,24,0,0,5.00,8.00,95.00,2,0,12,11,0,0,0,0,0,0
83,23,0,0,924,0,0,0,25,0,0,5.00,8.00,92.00,5,0,15,8,0,0,0,0,0,0
84,23,0,0,913,0,0,0,22,0,0,5.00,8.00,100.00,1,0,17,6,0,0,0,0,0,0
85,23,0,0,906,0,0,0,22,0,0,5.00,7.50,95.00,6,0,18,5,0,0,0,0,0,0
86,23,0,0,903,0,0,0,24,0,0,5.00,7.17,93.33,6,0,14,9,0,0,0,0,0,0
87,23,0,0,912,0,0,0,22,0,0,5.00,8.00,95.00,2,0,11,12,0,0,0,0,0,0
88,23,0,0,933,0,0,0,22,0,0,5.00,8.00,95.00,1,0,8,15,0,0,0,0,0,0
89,23,0,0,962,0,0,0,23,0,0,5.00,7.25,93.75,4,0,10,13,0,0,0,0,0,0
90,23,0,0,971,0,0,0,22,0,0,6.00,7.33,93.33,3,0,13,10,0,0,0,0,0,0
91,23,0,0,976,0,0,0,24,0,0,5.00,7.62,93.12,8,0,14,9,0,0,0,0,0,0
92,23,0,0,973,0,0,0,21,0,0,5.00,7.75,91.88,8,0,16,7,0,0,0,0,0,0
93,23,0,0,974,0,0,0,23,0,0,5.57,7.43,93.57,7,0,17,6,0,0,0,0,0,0
94,23,0,0,975,0,0,0,23,0,0,5.00,7.50,91.25,4,0,13,10,0,0,0,0,0,0
95,23,0,0,992,0,0,0,23,0,0,5.00,7.40,94.00,5,0,12,11,0,0,0,0,0,0
96,23,0,0,1005,0,0,0,21,0,0,5.40,7.60,95.00,5,0,12,11,0,0,0,0,0,0
97,23,0,0,1014,0,0,0,22,0,0,5.00,8.00,90.00,2,0,14,9,0,0,0,0,0,0
98,23,0,0,1019,0,0,0,23,0,0,5.00,7.67,95.00,6,0,7,16,0,0,0,0,0,0
99,23,0,0,1044,0,0,0,23,0,0,5.50,7.75,95.00,4,0,6,17,0,0,0,0,0,0
100,23,0,0,1057,0,0,0,24,0,0,5.40,7.60,95.00,5,1,13,9,0,0,0,0,0,0
101,23,0,0,1054,0,0,0,22,0,0,5.00,7.75,92.50,4,0,14,9,0,0,0,0,0,0
102,23,0,0,1059,0,0,0,22,0,0,5.00,7.67,94.17,6,0,13,10,0,0,0,0,0,0
103,23,0,0,1072,0,0,0,23,0,0,5.00,7.50,96.67,6,0,9,11,0,0,0,0,0,3
104,23,0,0,1081,0,0,0,23,0,0,5.00,7.00,95.00,2,0,6,11,0,0,0,0,0,6
105,23,0,0,1082,0,0,0,24,0,0,5.00,7.67,93.33,3,0,9,7,0,0,0,0,0,7
106,23,0,0,1063,0,0,1,17,0,0,5.00,7.67,93.33,3,0,15,4,0,0,0,0,0,4
107,23,0,0,1044,0,0,1,26,0,0,5.00,7.33,95.00,3,0,19,4,0,0,0,0,0,0
108,23,0,0,1033,0,0,1,24,0,0,5.00,7.80,90.00,5,0,12,10,1,0,0,0,0,0
109,23,0,0,1050,0,0,1,22,0,0,5.00,7.50,91.67,6,0,6,17,0,0,0,0,0,0
110,23,0,0,1095,0,0,1,25,0,0,5.00,7.50,92.50,2,0,4,19,0,0,0,0,0,0
111,23,0,0,1148,0,0,1,23,0,0,5.00,7.67,91.67,3,0,1,22,0,0,0,0,0,0
112,23,0,0,1213,0,0,1,23,0,0,5.38,7.38,93.12,8,0,0,23,0,0,0,0,0,0
113,23,0,0,1278,0,0,1,22,0,0,5.00,7.50,92.50,2,0,1,22,0,0,0,0,0,0
114,23,0,0,1335,0,0,1,23,0,0,5.00,7.60,94.00,5,0,3,20,0,0,0,0,0,0
115,23,0,0,1372,0,0,1,25,0,0,5.00,7.25,93.75,4,0,8,15,0,0,0,0,0,0
116,23,0,0,1393,0,0,1,27,0,0,5.00,7.80,94.00,5,0,11,12,0,0,0,0,0,0
117,23,0,0,1378,0,0,1,27,0,0,5.00,7.80,93.00,5,0,19,4,0,0,0,0,0,0
118,23,0,0,1367,0,0,1,28,0,0,5.00,7.50,95.00,4,0,19,4,0,0,0,0,0,0
119,23,0,0,1360,0,0,1,27,0,0,6.50,7.50,97.50,2,0,14,9,0,0,0,0,0,0
120,23,0,0,1369,0,0,1,24,0,0,5.00,7.67,95.00,6,0,9,14,0,0,0,0,0,0
121,23,0,0,1398,0,0,1,22,0,0,5.33,7.83,91.67,6,0,7,16,0,0,0,0,0,0
122,23,0,0,1439,0,0,1,22,0,0,5.00,7.40,93.00,10,0,3,19,0,0,0,0,0,1
123,23,0,0,1476,0,0,1,23,0,0,5.00,7.50,93.75,4,0,4,15,0,0,0,0,0,4
124,23,0,0,1469,0,0,1,21,0,0,5.00,7.75,92.50,4,0,16,5,0,0,0,0,0,2
125,23,0,0,1450,0,0,1,16,0,0,5.00,7.17,92.50,6,0,20,1,0,0,0,0,0,2
126,23,0,0,1427,0,0,1,33,0,0,5.80,7.60,94.00,5,0,20,3,0,0,0,0,0,0
127,23,0,0,1416,0,0,1,29,0,0,6.38,7.62,95.62,8,0,14,9,0,0,0,0,0,0
128,23,0,0,1429,0,0,1,24,0,0,5.75,7.75,95.00,4,1,1,21,0,0,0,0,0,0
129,23,0,0,1490,0,0,1,23,0,0,5.00,7.50,95.00,4,0,1,22,0,0,0,0,0,0
130,23,0,0,1555,0,0,1,23,0,0,6.00,7.67,95.83,6,0,1,22,0,0,0,0,0,0
131,23,0,0,1620,0,0,1,23,0,0,6.50,7.75,98.75,4,0,0,23,0,0,0,0,0,0
132,23,0,0,1689,0,0,1,23,0,0,6.50,7.00,93.75,4,0,0,23,0,0,0,0,0,0
133,23,0,0,1758,0,0,1,23,0,0,6.00,7.67,96.67,3,0,0,23,0,0,0,0,0,0
134,23,0,0,1827,0,0,1,23,0,0,5.50,7.83,95.00,6,0,0,23,0,0,0,0,0,0
135,23,0,0,1892,0,0,1,23,0,0,5.86,7.71,98.43,7,0,1,22,0,0,0,0,0,0
136,23,0,0,1933,0,0,1,23,0,0,5.50,8.00,95.00,6,0,7,16,0,0,0,0,0,0
137,23,0,0,1934,0,0,1,25,0,0,5.60,7.80,96.00,5,0,16,7,0,0,0,0,0,0
138,23,0,0,1919,0,0,1,26,0,0,5.00,7.50,95.00,4,0,17,4,1,1,0,0,0,0
139,23,0,0,1908,0,0,1,23,0,0,5.75,7.50,91.25,4,0,7,14,2,0,0,0,0,0
140,23,0,0,1941,0,0,1,23,0,0,5.00,8.00,96.25,4,0,3,18,2,0,0,0,0,0
141,23,0,0,1986,0,0,1,23,0,0,5.00,7.33,98.33,3,0,2,19,2,0,0,0,0,0
142,23,0,0,2031,0,0,1,21,0,0,5.00,8.00,93.33,3,0,5,18,0,0,0,0,0,0
143,23,0,0,2072,0,0,1,24,0,0,5.00,7.33,90.00,3,0,6,17,0,0,0,0,0,0
144,23,0,0,2073,0,0,1,23,0,0,5.75,8.00,97.50,4,0,15,7,1,0,0,0,0,0
145,23,0,0,2054,0,0,1,16,0,0,5.00,7.67,93.33,6,0,22,1,0,0,0,0,0,0
146,23,0,0,2031,0,0,1,28,0,0,5.00,7.67,97.50,6,0,22,1,0,0,0,0,0,0
147,23,0,0,2012,0,0,1,24,0,0,5.00,8.00,96.00,5,0,6,17,0,0,0,0,0,0
148,23,0,0,2057,0,0,1,23,0,0,5.80,7.80,97.00,5,0,1,22,0,0,0,0,0,0
149,23,0,0,2122,0,0,1,22,0,0,5.50,7.50,96.67,6,0,0,23,0,0,0,0,0,0
150,23,0,0,2191,0,0,1,23,0,0,5.00,8.00,96.67,3,0,0,23,0,0,0,0,0,0
151,23,0,0,2260,0,0,1,23,0,0,5.00,7.50,97.50,2,0,0,23,0,0,0,0,0,0
152,23,0,0,2325,0,0,1,23,0,0,6.50,7.50,96.25,4,0,1,22,0,0,0,0,0,0
153,23,0,0,2386,0,0,1,23,0,0,5.00,8.00,100.00,1,0,2,21,0,0,0,0,0,0
154,23,0,0,2431,0,0,1,23,0,0,5.00,7.50,92.50,2,0,5,18,0,0,0,0,0,0
155,23,0,0,2456,0,0,1,22,0,0,5.43,7.71,94.29,7,0,10,13,0,0,0,0,0,0
156,23,0,0,2453,0,0,1,24,0,0,5.43,7.43,94.29,7,0,15,8,0,0,0,0,0,0
157,23,0,0,2450,0,0,1,23,0,0,5.00,7.71,95.71,7,0,12,9,2,0,0,0,0,0
158,23,0,0,2463,0,0,1,23,0,0,5.00,7.50,95.00,4,1,4,16,2,0,0,0,0,0
159,23,0,0,2504,0,0,1,21,0,0,5.00,8.00,95.00,1,1,3,19,0,0,0,0,0,0
160,23,0,0,2541,0,0,1,22,0,0,5.00,7.40,94.00,5,1,7,15,0,0,0,0,0,0
161,23,0,0,2578,0,0,1,23,0,0,5.00,7.20,94.00,5,0,6,17,0,0,0,0,0,0
162,23,0,0,2615,0,0,1,23,0,0,5.33,7.78,95.56,9,0,7,16,0,0,0,0,0,0
163,23,0,0,2624,0,0,1,23,0,0,5.00,7.67,96.67,3,0,13,10,0,0,0,0,0,0
164,23,0,0,2621,0,0,1,24,0,0,5.00,7.75,96.25,4,0,14,7,1,0,1,0,0,0
165,23,0,0,2618,0,0,1,25,0,0,5.00,7.33,93.33,3,0,15,6,1,0,1,0,0,0
166,23,0,0,2615,0,0,1,26,0,0,5.00,7.60,93.00,5,0,15,7,0,0,1,0,0,0
167,23,0,0,2620,0,0,1,26,0,0,5.00,7.71,92.86,7,0,9,13,0,0,1,0,0,0
168,23,0,0,2649,0,0,1,23,0,0,6.20,7.20,92.00,5,0,4,18,1,0,0,0,0,0
169,23,0,0,2682,0,0,1,27,0,0,6.00,7.33,93.33,6,0,4,17,2,0,0,0,0,0
170,23,0,0,2695,0,0,1,26,0,0,5.50,7.50,95.00,6,0,6,15,2,0,0,0,0,0
171,23,0,0,2708,0,0,1,27,0,0,5.70,8.00,94.50,10,0,9,13,1,0,0,0,0,0
172,23,0,0,2701,0,0,1,24,0,0,5.60,7.40,94.00,5,0,17,5,1,0,0,0,0,0
173,23,0,0,2678,0,0,1,29,0,0,6.00,7.67,91.67,3,0,21,2,0,0,0,0,0,0
174,23,0,0,2659,0,0,1,31,0,0,5.00,7.75,97.50,4,0,21,2,0,0,0,0,0,0
175,23,0,0,2640,0,0,1,27,0,0,5.50,7.67,90.83,6,0,16,7,0,0,0,0,0,0
176,23,0,0,2645,0,0,1,24,0,0,6.00,8.00,95.00,3,0,3,20,0,0,0,0,0,0
177,23,0,0,2694,0,0,1,24,0,0,5.00,7.50,92.50,2,0,3,20,0,0,0,0,0,0
178,23,0,0,2751,0,0,1,23,0,0,6.50,7.33,95.83,6,0,0,23,0,0,0,0,0,0
179,23,0,0,2820,0,0,1,23,0,0,6.50,7.50,92.50,2,0,0,23,0,0,0,0,0,0
180,23,0,0,2889,0,0,1,23,0,0,6.50,7.33,95.00,6,0,0,23,0,0,0,0,0,0
181,23,0,0,2958,0,0,1,23,0,0,6.00,7.50,95.00,6,0,0,23,0,0,0,0,0,0
182,23,0,0,3019,0,0,1,22,0,0,6.50,7.83,96.67,6,0,1,22,0,0,0,0,0,0
183,23,0,0,3064,0,0,1,22,0,0,6.50,8.00,90.00,2,0,5,18,0,0,0,0,0,0
184,23,0,0,3057,0,0,1,23,0,0,6.25,7.75,93.75,4,0,19,4,0,0,0,0,0,0
185,23,0,0,3034,0,0,1,24,0,0,5.43,7.29,94.29,7,0,23,0,0,0,0,0,0,0
186,23,0,0,3011,0,0,1,23,0,0,5.00,7.60,93.00,5,0,9,14,0,0,0,0,0,0
187,23,0,0,3044,0,0,1,23,0,0,7.00,8.00,96.33,3,0,0,23,0,0,0,0,0,0
188,23,0,0,3113,0,0,1,23,0,0,5.00,7.00,95.00,3,0,0,23,0,0,0,0,0,0
189,23,0,0,3182,0,0,1,23,0,0,7.40,7.60,96.00,5,0,0,23,0,0,0,0,0,0
190,23,0,0,3251,0,0,1,23,0,0,7.14,7.86,97.14,7,0,0,23,0,0,0,0,0,0
191,23,0,0,3320,0,0,1,23,0,0,6.00,8.00,96.67,3,0,0,23,0,0,0,0,0,0
192,23,0,0,3389,0,0,1,23,0,0,6.00,7.67,95.00,3,0,0,23,0,0,0,0,0,0
193,23,0,0,3458,0,0,1,23,0,0,7.50,7.50,94.17,6,0,0,23,0,0,0,0,0,0
194,23,0,0,3527,0,0,1,23,0,0,7.14,7.86,97.14,7,0,0,23,0,0,0,0,0,0
195,23,0,0,3596,0,0,1,23,0,0,7.25,7.75,97.50,4,0,0,23,0,0,0,0,0,0
196,23,0,0,3665,0,0,1,22,0,0,8.00,8.00,96.67,3,0,0,23,0,0,0,0,0,0
197,23,0,0,3734,0,0,1,23,0,0,7.33,7.89,98.89,9,0,0,23,0,0,0,0,0,0
198,23,0,0,3799,0,0,1,23,0,0,7.25,7.88,98.12,8,0,1,22,0,0,0,0,0,0
199,23,0,0,3856,0,0,1,23,0,0,7.14,8.00,97.86,7,0,3,20,0,0,0,0,0,0
200,23,0,0,3865,0,0,1,20,0,0,6.50,7.75,93.75,4,0,15,8,0,0,0,0,0,0
201,23,0,0,3842,0,0,1,29,0,0,8.00,8.00,95.00,1,0,22,1,0,0,0,0,0,0
202,23,0,0,3819,0,0,1,23,0,0,5.43,7.71,96.43,7,0,11,12,0,0,0,0,0,0
203,23,0,0,3844,0,0,1,24,0,0,5.62,7.75,95.00,8,0,1,22,0,0,0,0,0,0
204,23,0,0,3909,0,0,1,23,0,0,6.00,7.33,96.67,3,0,0,23,0,0,0,0,0,0
205,23,0,0,3974,0,0,1,23,0,0,6.50,7.50,100.00,2,0,0,23,0,0,0,0,0,0
206,23,0,0,4043,0,0,1,22,0,0,6.00,7.67,94.83,6,0,0,23,0,0,0,0,0,0
207,23,0,0,4112,0,0,1,22,0,0,7.00,7.67,95.00,3,0,0,23,0,0,0,0,0,0
208,23,0,0,4177,0,0,1,21,0,0,6.00,7.75,95.00,4,0,0,23,0,0,0,0,0,0
209,23,0,0,4246,0,0,1,23,0,0,5.00,8.00,95.00,3,0,0,23,0,0,0,0,0,0
210,23,0,0,4307,0,0,1,23,0,0,7.20,8.00,97.00,5,0,1,22,0,0,0,0,0,0
211,23,0,0,4332,0,0,1,18,0,0,7.25,7.50,96.25,8,0,11,12,0,0,0,0,0,0
212,23,0,0,4309,0,0,1,27,0,0,6.50,8.00,98.75,4,0,23,0,0,0,0,0,0,0
213,23,0,0,4286,0,0,1,25,0,0,5.75,7.50,93.75,4,0,22,1,0,0,0,0,0,0
214,23,0,0,4267,0,0,1,25,0,0,5.50,7.83,98.33,6,0,18,5,0,0,0,0,0,0
215,23,0,0,4264,0,0,1,26,0,0,5.60,7.40,95.00,5,0,18,5,0,0,0,0,0,0
216,23,0,0,4261,0,0,1,25,0,0,5.00,8.00,96.67,3,0,18,5,0,0,0,0,0,0
217,23,0,0,4258,0,0,1,24,0,0,5.33,7.67,97.22,9,0,18,5,0,0,0,0,0,0
218,23,0,0,4255,0,0,1,24,0,0,5.43,7.71,95.00,7,0,18,5,0,0,0,0,0,0
219,23,0,0,4252,0,0,1,23,0,0,5.00,7.50,92.50,4,0,15,8,0,0,0,0,0,0
220,23,0,0,4257,0,0,1,23,0,0,5.00,7.67,93.33,3,0,13,10,0,0,0,0,0,0
221,23,0,0,4270,0,0,1,20,0,0,5.38,7.75,97.50,8,0,8,15,0,0,0,0,0,0
222,23,0,0,4295,0,0,1,21,0,0,5.00,7.33,95.00,3,0,9,14,0,0,0,0,0,0
223,23,0,0,4320,0,0,1,21,0,0,6.50,7.00,97.50,4,0,10,13,0,0,0,0,0,0
224,23,0,0,4329,0,0,1,21,0,0,6.00,7.33,95.00,3,0,13,10,0,0,0,0,0,0
225,23,0,0,4310,0,0,1,21,0,0,5.00,7.50,97.50,4,0,22,1,0,0,0,0,0,0
226,23,0,0,4287,0,0,1,23,0,0,5.00,7.67,95.00,3,0,22,1,0,0,0,0,0,0
227,23,0,0,4268,0,0,1,23,0,0,5.00,7.50,92.50,2,0,22,1,0,0,0,0,0,0
228,23,0,0,4249,0,0,1,23,0,0,5.00,7.00,100.00,1,0,22,1,0,0,0,0,0,0
229,23,0,0,4226,0,0,1,23,0,0,5.00,7.25,91.25,4,0,23,0,0,0,0,0,0,0
230,23,0,0,4203,0,0,1,20,0,0,5.00,8.00,100.00,1,0,19,4,0,0,0,0,0,0
231,23,0,0,4196,0,0,1,21,0,0,5.00,7.29,95.71,7,0,15,8,0,0,0,0,0,0
232,23,0,0,4205,0,0,1,23,0,0,5.00,7.20,98.00,5,0,14,9,0,0,0,0,0,0
233,23,0,0,4214,0,0,1,19,0,0,5.00,7.40,95.50,10,0,8,15,0,0,0,0,0,0
234,23,0,0,4239,0,0,1,21,0,0,5.00,7.25,95.00,4,0,9,14,0,0,0,0,0,0
235,23,0,0,4272,0,0,1,20,0,0,5.33,7.44,93.89,9,0,6,17,0,0,0,0,0,0
236,23,0,0,4305,0,0,1,21,0,0,5.00,7.50,92.50,4,0,8,15,0,0,0,0,0,0
237,23,0,0,4334,0,0,1,23,0,0,6.00,7.33,95.00,3,0,10,13,0,0,0,0,0,0
238,23,0,0,4355,0,0,1,23,0,0,5.00,7.29,94.29,7,0,10,13,0,0,0,0,0,0
239,23,0,0,4380,0,0,1,23,0,0,5.80,7.40,94.00,5,0,11,12,0,0,0,0,0,0
240,23,0,0,4381,0,0,1,22,0,0,6.25,7.75,96.25,4,0,16,7,0,0,0,0,0,0
241,23,0,0,4366,0,0,1,23,0,0,7.00,7.17,94.17,6,0,21,2,0,0,0,0,0,0
242,23,0,0,4351,0,0,1,23,0,0,5.00,7.50,93.75,4,0,21,2,0,0,0,0,0,0
243,23,0,0,4336,0,0,1,24,0,0,5.00,7.60,95.00,5,0,20,3,0,0,0,0,0,0
244,23,0,0,4325,0,0,1,21,0,0,5.00,7.50,93.75,4,0,19,3,0,0,0,0,0,1
245,23,0,0,4302,0,0,1,13,0,0,5.00,7.33,94.17,6,0,19,3,0,0,0,0,0,1
246,23,0,0,4287,0,0,1,22,0,0,5.00,7.33,96.67,6,0,19,4,0,0,0,0,0,0
247,23,0,0,4280,0,0,1,24,0,0,5.00,7.40,95.00,5,0,12,11,0,0,0,0,0,0
248,23,0,0,4301,0,0,1,24,0,0,5.00,7.40,97.00,5,0,4,19,0,0,0,0,0,0
249,23,0,0,4354,0,0,1,23,0,0,5.00,7.80,97.00,5,0,4,19,0,0,0,0,0,0
250,23,0,0,4395,0,0,1,21,0,0,5.00,7.67,93.33,3,0,4,19,0,0,0,0,0,0
251,23,0,0,4444,0,0,1,23,0,0,5.00,7.33,95.83,6,0,4,19,0,0,0,0,0,0
252,23,0,0,4485,0,0,1,22,0,0,5.00,7.44,95.56,9,0,6,17,0,0,0,0,0,0
253,23,0,0,4518,0,0,1,22,0,0,5.75,7.50,95.00,4,0,8,15,0,0,0,0,0,0
254,23,0,0,4531,0,0,1,21,0,0,5.50,7.50,97.50,6,0,14,9,0,0,0,0,0,0
255,23,0,0,4520,0,0,1,22,0,0,5.00,7.33,94.17,6,0,16,7,0,0,0,0,0,0
256,23,0,0,4517,0,0,1,23,0,0,5.00,7.50,97.50,2,0,14,9,0,0,0,0,0,0
257,23,0,0,4526,0,0,1,23,0,0,5.30,7.30,95.50,10,0,12,11,0,0,0,0,0,0
258,23,0,0,4547,0,0,1,23,0,0,5.00,7.50,93.75,4,0,8,14,0,1,0,0,0,0
259,23,0,0,4580,0,0,1,24,0,0,5.00,7.75,96.25,4,0,8,14,0,1,0,0,0,0
260,23,0,0,4597,0,0,1,20,0,0,6.00,7.67,98.33,3,0,12,11,0,0,0,0,0,0
261,23,0,0,4610,0,0,1,24,0,0,5.00,7.62,96.88,8,0,12,11,0,0,0,0,0,0
262,23,0,0,4595,0,0,1,21,0,0,5.00,7.67,95.83,6,0,21,2,0,0,0,0,0,0
263,23,0,0,4572,0,0,1,26,0,0,5.00,7.60,94.00,5,0,19,2,2,0,0,0,0,0
264,23,0,0,4557,0,0,1,26,0,0,5.00,8.00,100.00,2,0,19,2,2,0,0,0,0,0
265,23,0,0,4538,0,0,1,24,0,0,5.75,7.75,95.00,4,0,20,2,1,0,0,0,0,0
266,23,0,0,4519,0,0,1,22,0,0,5.25,7.50,96.25,4,0,15,8,0,0,0,0,0,0
267,23,0,0,4530,0,0,1,24,0,0,6.00,7.67,98.33,3,0,14,9,0,0,0,0,0,0
268,23,0,0,4541,0,0,1,24,0,0,5.00,7.50,95.00,4,0,11,12,0,0,0,0,0,0
269,23,0,0,4546,0,0,1,23,0,0,5.50,8.00,97.50,6,0,7,16,0,0,0,0,0,0
270,23,0,0,4571,0,0,1,21,0,0,5.00,7.67,93.33,3,0,10,13,0,0,0,0,0,0
271,23,0,0,4592,0,0,1,24,0,0,5.00,7.50,95.00,2,0,11,12,0,0,0,0,0,0
272,23,0,0,4613,0,0,1,27,0,0,5.75,7.25,96.25,4,0,10,13,0,0,0,0,0,0
273,23,0,0,4642,0,0,1,25,0,0,5.86,7.29,95.00,7,0,10,13,0,0,0,0,0,0
274,23,0,0,4667,0,0,1,24,0,0,5.00,8.00,97.50,4,0,11,12,0,0,0,0,0,0
275,23,0,0,4688,0,0,1,24,0,0,6.00,8.00,97.50,2,0,10,13,0,0,0,0,0,0
276,23,0,0,4709,0,0,1,22,0,0,5.60,8.00,95.00,5,0,8,14,1,0,0,0,0,0
277,23,0,0,4734,0,0,1,21,0,0,5.75,8.00,96.25,4,0,7,15,1,0,0,0,0,0
278,23,0,0,4755,0,0,1,23,0,0,5.14,7.57,96.43,7,0,10,12,1,0,0,0,0,0
279,23,0,0,4768,0,0,1,24,0,0,6.00,7.75,98.75,4,0,14,9,0,0,0,0,0,0
280,23,0,0,4765,0,0,1,21,0,0,5.00,8.00,97.50,2,1,14,8,0,0,0,0,0,0
281,23,0,0,4758,0,0,1,25,0,0,5.60,7.40,96.00,5,0,12,10,1,0,0,0,0,0
282,23,0,0,4763,0,0,1,24,0,0,5.86,7.57,96.43,7,1,11,10,1,0,0,0,0,0
283,23,0,0,4776,0,0,1,25,0,0,8.00,7.00,95.00,2,0,14,9,0,0,0,0,0,0
284,23,0,0,4781,0,0,1,23,0,0,6.00,7.67,98.33,3,0,16,7,0,0,0,0,0,0
285,23,0,0,4770,0,0,1,25,0,0,5.00,7.50,95.00,4,0,18,3,2,0,0,0,0,0
286,23,0,0,4759,0,0,1,26,0,0,6.00,7.67,96.67,3,0,8,12,3,0,0,0,0,0
287,23,0,0,4784,0,0,1,23,0,0,5.00,7.00,95.00,1,1,5,14,3,0,0,0,0,0
288,23,0,0,4809,0,0,1,24,0,0,7.00,7.67,98.33,3,0,5,15,3,0,0,0,0,0
289,23,0,0,4834,0,0,1,24,0,0,5.00,7.50,97.50,4,0,7,12,4,0,0,0,0,0
290,23,0,0,4835,0,0,1,26,0,0,6.00,7.33,96.67,3,0,13,8,2,0,0,0,0,0
291,23,0,0,4820,0,0,1,27,0,0,5.00,7.50,96.67,6,0,20,2,1,0,0,0,0,0
292,23,0,0,4801,0,0,1,29,0,0,5.00,7.50,95.00,4,0,22,1,0,0,0,0,0,0
293,23,0,0,4782,0,0,1,25,0,0,5.50,7.50,95.00,2,0,15,8,0,0,0,0,0,0
294,23,0,0,4787,0,0,1,24,0,0,5.20,7.60,95.00,5,0,7,15,1,0,0,0,0,0
295,23,0,0,4820,0,0,1,22,0,0,4.50,7.25,95.00,4,0,2,19,2,0,0,0,0,0
296,23,0,0,4875,0,0,1,23,0,0,6.50,7.50,96.25,4,0,1,20,2,0,0,0,0,0
297,23,0,0,4922,0,0,1,22,0,0,5.75,7.75,96.88,8,0,4,17,1,1,0,0,0,0
298,23,0,0,4969,0,0,1,25,0,0,5.50,7.50,97.50,2,0,6,17,0,0,0,0,0,0
299,23,0,0,4996,0,0,1,23,0,0,5.40,7.80,98.00,5,0,6,12,0,0,0,0,0,5
300,23,0,0,4981,0,0,1,26,0,0,5.62,7.62,96.25,8,0,16,2,0,0,0,0,0,5
