from,to,kind,count,first_day,last_day,food_given
T7F,C6S,message,108,42,270,
G3W,J9D,message,42,132,340,
W7Q,M2P,message,40,195,368,
D4J,J9D,message,38,160,354,
D7J,V2Z,message,32,177,393,
D7J,J9D,message,30,208,373,
W2M,J9D,message,29,184,388,
C6S,T7F,gift,28,43,214,103
V3Q,Q4W,message,28,170,228,
F2K,J9D,message,26,203,400,
D2Q,J9D,message,24,160,375,
D4J,V6G,message,24,100,149,
V4N,J9D,message,24,176,384,
W7Q,V2V,message,24,111,262,
F2K,V3Q,message,23,271,377,
F6V,J4V,message,22,51,161,
M2P,W7Q,gift,21,19,394,60
V3Q,C4X,message,20,328,376,
X7J,J9D,message,19,220,397,
M4D,J9D,message,18,41,336,
Q2M,V3Q,message,18,310,351,
R4X,X4R,message,18,115,244,
T2F,J9D,message,17,308,386,
V2V,W7Q,message,17,130,213,
B6N,X4R,message,16,135,382,
G3W,S7D,message,15,114,176,
P4F,J9D,message,14,41,375,
W7Q,J9D,message,14,168,355,
B6N,J9D,message,13,132,338,
F2K,J9D,gift,13,234,345,45
F6V,J9D,message,13,180,235,
G7P,X4R,message,13,110,186,
Q2M,J9D,message,13,160,328,
Q6J,W7Q,gift,13,22,151,140
T3Q,X4R,harm,13,105,144,
C4X,J9D,message,12,360,383,
D4J,S4X,message,12,344,365,
G3W,V2Z,message,12,257,305,
R3P,V2Z,gift,12,284,322,0
S2V,J9D,message,12,14,231,
T2F,J4V,message,12,86,266,
V2B,S7D,message,12,120,142,
B2F,J9D,message,11,240,386,
D7J,V3Q,message,11,259,297,
G7P,J9D,message,11,190,232,
C4D,J9D,message,10,203,324,
D4J,L9P,message,10,87,260,
D4J,X4R,message,10,288,306,
D7J,J9D,gift,10,234,372,10
G3W,B6Z,message,10,158,339,
M4D,D6W,harm,10,87,109,
Q4W,L9K,message,10,136,156,
Q6P,X4R,harm,10,117,139,
T7V,X4R,harm,10,118,134,
X6X,T9V,harm,10,64,80,
B6Z,J9D,message,9,132,344,
C6S,T9V,harm,9,69,89,
Q2M,X7J,message,9,250,270,
T9N,X4R,message,9,153,175,
V3Q,J9D,message,9,252,350,
W6B,C2V,message,9,27,56,
D2Q,X4R,message,8,142,333,
D7J,V2Z,gift,8,300,336,0
N6P,S7D,message,8,60,104,
P4F,S2P,message,8,192,213,
Q4W,V3Q,gift,8,171,224,0
T3Q,X4R,message,8,121,242,
V2V,J9D,message,8,247,262,
B6N,T9V,harm,7,57,77,
C2V,W6B,gift,7,28,72,0
D7J,G3W,message,7,230,254,
G3W,D7J,harm,7,243,249,
G3W,J9D,gift,7,274,308,175
M2P,Z2G,message,7,128,147,
T7S,J9D,message,7,174,263,
B2F,X4R,harm,6,93,119,
B6N,X4G,message,6,129,164,
B6Z,V2Z,message,6,280,305,
B6Z,V3Q,message,6,347,353,
C4X,Z2G,message,6,128,155,
C6Q,X4R,harm,6,127,142,
C6Q,X7J,message,6,220,248,
F2K,G3W,message,6,366,392,
F6Z,J9D,message,6,203,282,
F7X,D4J,message,6,167,188,
J9D,D7J,gift,6,306,378,0
L9P,S2N,message,6,149,156,
M2P,J9D,message,6,246,400,
P4F,K4Q,message,6,139,154,
Q2M,X4R,message,6,110,237,
R3P,B6Z,gift,6,267,324,15
R3P,X4R,message,6,137,160,
R4X,T9V,harm,6,90,106,
S7W,P9W,gift,6,229,238,0
T2F,V2V,message,6,267,285,
V2V,B6N,gift,6,223,252,11
V2V,W7Q,gift,6,171,263,25
V3Q,F2K,message,6,270,335,
V4N,D4J,message,6,210,254,
V7S,X4R,message,6,136,184,
W7Q,L9P,message,6,53,260,
B2F,W7Q,message,5,258,363,
B6N,C4X,message,5,262,333,
B6N,L9P,message,5,227,276,
B6Z,G3W,gift,5,319,332,0
C4D,G3W,message,5,367,385,
C4D,X4R,message,5,217,391,
C4X,J9D,harm,5,323,374,
C4X,V3Q,gift,5,259,375,0
C6Q,V4N,message,5,113,122,
D2G,X4R,message,5,153,200,
D2Q,L9P,message,5,52,203,
D2Q,V4N,message,5,213,230,
D4J,F2K,message,5,315,334,
D4P,F6V,message,5,165,172,
D4Z,J4V,message,5,196,204,
F2K,D4J,gift,5,222,351,10
F2K,P4F,message,5,293,319,
F2K,Q2M,message,5,249,389,
F2K,T2F,message,5,384,399,
F2K,V4N,message,5,253,376,
F6V,T2N,message,5,174,179,
F6Z,Q4W,message,5,229,244,
G3W,D7J,message,5,172,240,
J4V,F6V,message,5,80,148,
J6L,S2N,message,5,48,137,
J7F,J4V,message,5,85,277,
J9D,D4J,gift,5,266,355,5
J9D,G3W,gift,5,232,310,0
L3X,S2N,message,5,167,180,
L7C,X4R,harm,5,120,128,
L9P,C4X,message,5,207,230,
M4D,X4R,message,5,248,315,
P4F,X4R,message,5,129,179,
Q2M,J9D,gift,5,164,349,20
Q4S,S7D,message,5,82,113,
Q4W,J9D,message,5,236,246,
R4X,J9D,message,5,173,248,
T2F,G3W,message,5,366,381,
T7F,C6S,harm,5,216,235,
T7F,L9P,message,5,30,271,
W7Q,C4D,message,5,135,375,
X7J,B6Z,message,5,312,322,
B2F,B6Z,message,4,322,334,
B2F,B7N,message,4,205,210,
B2F,G3W,message,4,252,381,
B2F,T3Q,message,4,218,229,
B2P,J9D,message,4,242,257,
B6N,B6Z,message,4,323,332,
B6N,V2V,message,4,215,251,
B6Z,D4J,gift,4,390,395,0
B6Z,V3Q,gift,4,321,375,0
C4D,B6Z,gift,4,328,336,20
C4D,D7J,message,4,172,265,
C4D,F2K,message,4,384,400,
C4D,R4X,message,4,38,197,
C4D,W7Q,message,4,356,374,
C4X,B6Z,gift,4,317,322,20
C4X,Q7P,message,4,160,194,
C6S,C9V,harm,4,144,153,
C6S,J9D,message,4,234,248,
D2G,V4N,message,4,183,216,
D2Q,R3P,message,4,40,179,
D4J,D4Z,message,4,141,171,
D4J,L9K,message,4,136,159,
D4J,M2P,gift,4,167,314,5
D7J,X7J,message,4,390,394,
F2K,D4J,message,4,236,378,
F2K,G3W,gift,4,230,393,13
F2K,V2V,message,4,261,267,
F6V,D4J,gift,4,92,393,5
F6V,D4P,message,4,81,172,
F6Z,S2V,gift,4,220,245,10
F7X,F6V,message,4,166,193,
F7X,M2P,message,4,128,138,
F9C,F2K,gift,4,175,200,0
F9S,K4Q,message,4,140,153,
G3W,Q4W,message,4,126,144,
G3W,V4N,gift,4,214,375,5
J7V,J9D,message,4,100,182,
J7V,K4Q,message,4,18,37,
J7V,T2B,message,4,43,58,
J9D,Q4W,message,4,14,243,
K7X,Q4W,message,4,12,15,
L6G,J9D,message,4,160,175,
L9K,Q4W,message,4,137,156,
L9P,D2Q,message,4,58,204,
L9P,J9D,message,4,45,263,
M2P,D4J,message,4,165,237,
P4F,F2K,gift,4,271,323,20
P4F,V3Q,message,4,272,293,
P6X,Z2G,message,4,64,70,
Q2M,V2V,message,4,266,272,
Q2M,V2Z,message,4,180,275,
Q7P,C4X,message,4,161,193,
R4X,T3Q,message,4,224,234,
S2P,D4J,message,4,185,209,
S4K,P9Q,message,4,47,63,
S7D,G3W,message,4,128,146,
S9L,S2P,message,4,169,176,
S9L,X4R,message,4,136,199,
T2F,F2K,message,4,385,396,
T2N,X4R,harm,4,130,142,
T4D,S7D,message,4,113,121,
T7S,D4J,message,4,173,239,
T7S,X4R,message,4,125,161,
T7V,X4R,message,4,77,131,
T9N,X4G,message,4,121,145,
V2V,B2P,message,4,163,209,
V3Q,Q2M,message,4,309,339,
V4N,J4V,message,4,85,253,
V6G,C4X,message,4,111,130,
W2F,B2P,message,4,118,130,
W2F,R3P,message,4,42,174,
W2M,C4X,message,4,175,189,
W2M,D2Q,message,4,196,229,
W2M,S9L,message,4,86,97,
X7J,D4J,message,4,185,391,
B2F,D4J,message,3,373,391,
B2F,D6W,message,3,87,92,
B2F,V6L,harm,3,96,106,
B6N,R3P,harm,3,86,240,
B6N,T2F,message,3,160,274,
B6N,V4N,message,3,118,298,
B6Z,B2F,message,3,140,324,
B6Z,J9D,gift,3,242,337,0
B6Z,L9P,message,3,129,141,
B6Z,R3P,message,3,122,268,
B9B,C4X,message,3,181,183,
B9B,X4R,message,3,122,169,
C4X,B6N,message,3,329,385,
C4X,V3Q,message,3,330,359,
C4X,X4R,message,3,149,154,
C4X,X7J,gift,3,175,247,0
C6Q,J4V,message,3,110,213,
C6Q,X4R,message,3,143,198,
C7D,X4G,harm,3,120,122,
D2Q,B6Z,gift,3,316,338,15
D2Q,B6Z,message,3,337,349,
D2Q,G3W,message,3,376,379,
D3X,R4X,message,3,39,62,
D4J,L9P,gift,3,140,210,10
D4J,S2P,gift,3,152,209,5
D4J,V2V,message,3,121,127,
D4Z,C4X,message,3,199,207,
D7J,X4R,message,3,224,249,
F2K,V2Z,gift,3,303,312,0
F2K,X4R,message,3,287,302,
F2M,B6Z,message,3,135,150,
F6V,L9P,message,3,52,90,
F6Z,D7J,message,3,198,206,
F7X,D4J,gift,3,173,186,6
F7X,L9P,message,3,66,159,
F9C,D4J,message,3,92,237,
F9S,X4R,harm,3,143,145,
G3W,D2Q,gift,3,103,380,5
G3W,D4J,gift,3,209,369,10
G3W,X4R,message,3,143,153,
G7P,T7F,gift,3,257,277,15
J4V,C4X,message,3,199,206,
J4V,R3P,message,3,38,79,
J4V,S2N,message,3,60,167,
J4V,T2F,gift,3,249,267,0
J4V,W2M,message,3,106,138,
J4V,Z2G,message,3,66,128,
J6L,X7J,message,3,116,118,
J7V,D4J,message,3,165,185,
J7V,D6W,harm,3,144,151,
J9D,B6N,gift,3,83,337,5
J9D,D7J,message,3,230,374,
L9P,B6N,message,3,233,236,
L9P,D4J,message,3,130,209,
L9P,V7S,message,3,132,147,
M2P,J4V,message,3,193,201,
M2P,S7D,message,3,120,126,
M2P,V2V,message,3,121,265,
M2P,V4N,message,3,118,213,
M2P,X4R,message,3,140,200,
M4D,R3P,message,3,37,211,
M7Z,V7S,message,3,127,129,
M9P,C2V,gift,3,69,72,0
N6P,D3X,message,3,139,157,
P4F,G3W,message,3,367,374,
P9W,V2V,gift,3,121,178,5
Q2M,B2F,message,3,179,285,
Q2M,G3W,message,3,352,356,
Q2M,L9P,message,3,207,277,
Q2M,Z6J,message,3,120,128,
Q3N,B9B,message,3,22,114,
Q4S,R3P,message,3,16,40,
Q4W,S2P,message,3,245,250,
Q6J,R3P,message,3,16,36,
Q6J,V2B,message,3,67,141,
Q7P,J9D,message,3,132,160,
Q7P,S7D,message,3,110,129,
R3P,J9D,message,3,234,251,
R4X,D2Q,message,3,162,253,
S2P,J9D,message,3,236,249,
S2P,R3P,message,3,39,211,
S2P,V2V,message,3,149,207,
S2V,J9D,gift,3,91,228,8
S7D,N6P,message,3,57,94,
S7W,S2V,message,3,245,247,
S9L,D3X,message,3,75,193,
S9L,D7K,message,3,124,146,
S9L,V2B,message,3,68,70,
T2F,J9D,gift,3,309,316,8
T2F,X4R,message,3,197,200,
T2N,J4V,message,3,85,198,
T3Q,D2Q,message,3,99,202,
T3Q,J9D,message,3,182,248,
T7F,B4B,message,3,45,110,
T7S,V2V,message,3,127,272,
T7S,W2M,message,3,137,187,
T9J,X4G,harm,3,55,63,
T9N,W2F,message,3,140,150,
V2V,D4J,gift,3,123,254,10
V2V,D4J,message,3,122,127,
V3N,K7X,message,3,55,77,
V3Q,J9D,gift,3,307,310,15
V3Q,Q2M,gift,3,311,352,5
V6G,T7F,gift,3,8,51,24
V7S,B6N,message,3,137,204,
V7S,Q2M,message,3,188,203,
W2F,J9D,message,3,160,181,
W2M,C4X,gift,3,309,315,15
W2M,D4J,gift,3,209,399,9
W2M,J9D,gift,3,251,400,10
W2M,S7D,message,3,110,120,
W2M,V3Q,message,3,273,293,
W2M,V7S,message,3,168,182,
W6B,J9D,message,3,180,224,
W7Q,B2F,gift,3,140,364,10
W7Q,J9D,gift,3,244,282,10
W7Q,Q6J,message,3,93,105,
W7Q,R3P,message,3,115,201,
W7Q,X4R,message,3,133,145,
W9R,C2V,gift,3,46,66,0
X6X,J4V,message,3,85,135,
X6X,V4N,message,3,75,83,
X7J,G3W,gift,3,368,376,14
X7J,X4R,message,3,170,243,
Z2G,M2P,message,3,129,133,
B2F,D2Q,gift,2,224,233,0
B2F,J4V,message,2,243,280,
B2F,J9D,gift,2,241,282,13
B2F,K4Q,message,2,100,108,
B2F,K7X,message,2,69,70,
B2F,L9P,message,2,53,54,
B2F,V4N,message,2,134,342,
B2F,X4R,message,2,238,327,
B2P,D2Q,gift,2,226,241,5
B2P,J4V,gift,2,120,196,5
B2P,W2M,message,2,105,163,
B2P,X4R,message,2,111,116,
B2P,X7J,message,2,161,219,
B4B,D6W,message,2,78,141,
B6N,D4J,message,2,236,238,
B6N,V7S,message,2,136,205,
B6Z,C4X,message,2,345,346,
B6Z,D4P,message,2,136,143,
B6Z,G3W,harm,2,326,333,
B6Z,J4V,message,2,120,243,
B7N,S7D,message,2,60,61,
B9B,Q3N,message,2,23,115,
B9B,T9V,message,2,95,165,
C4D,B6Z,message,2,156,158,
C4D,C6T,message,2,128,147,
C4D,D4Z,message,2,207,212,
C4D,J4V,message,2,50,272,
C4D,J9D,gift,2,282,301,2
C4D,S2N,message,2,49,125,
C4D,T3Q,message,2,224,225,
C4D,T9V,message,2,115,122,
C4D,W7Q,gift,2,201,355,5
C4X,D4J,gift,2,77,377,10
C4X,K4Q,message,2,136,137,
C4X,L9P,message,2,209,231,
C4X,R3P,gift,2,79,202,5
C4X,V4N,gift,2,341,342,0
C4X,V6G,message,2,82,83,
C4X,W7Q,gift,2,122,203,10
C6Q,D2Q,message,2,226,228,
C6Q,D4J,gift,2,209,210,10
C6Q,J9D,message,2,222,229,
C6Q,K4Q,message,2,18,19,
C6Q,R3P,message,2,17,211,
C6Q,Z2G,message,2,66,67,
C6T,K4Q,message,2,20,21,
C6T,K7X,message,2,55,77,
C6T,L9P,message,2,52,66,
C6T,S7D,message,2,68,94,
C7D,B6Z,gift,2,146,158,0
C7D,C7W,message,2,35,36,
C7D,J4V,message,2,50,86,
C7D,R3P,harm,2,109,115,
C7D,X4R,harm,2,169,173,
C7D,X4R,message,2,170,171,
C7W,K4Q,message,2,18,19,
D2G,D6W,message,2,158,180,
D2G,S7D,message,2,82,83,
D2G,T9V,message,2,116,164,
D2G,V2B,message,2,67,81,
D2Q,B2F,message,2,223,226,
D2Q,B9B,message,2,20,21,
D2Q,C4D,gift,2,156,197,0
D2Q,C4X,message,2,346,358,
D2Q,C9V,message,2,139,141,
D2Q,Q2M,message,2,211,265,
D2Q,S2N,message,2,48,56,
D2Q,T2N,message,2,194,196,
D2Q,T9N,gift,2,109,125,10
D3X,W6B,message,2,174,179,
D4J,B2F,gift,2,232,391,3
D4J,D2Q,message,2,99,162,
D4J,J4V,message,2,120,147,
D4J,R3P,message,2,79,217,
D4J,S2V,gift,2,219,231,0
D4J,V2V,gift,2,123,212,5
D4J,V4N,gift,2,211,255,0
D4J,V4N,message,2,340,341,
D4J,X7J,message,2,220,222,
D4P,B6Z,message,2,135,137,
D4P,F6V,gift,2,171,173,4
D4P,R4X,message,2,38,40,
D4Z,B9B,message,2,32,136,
D4Z,C4X,gift,2,212,219,0
D4Z,V2V,message,2,137,138,
D6W,K4Q,message,2,21,78,
D7J,C4D,message,2,173,174,
D7J,C6T,message,2,257,258,
D7J,L9P,message,2,227,260,
D7J,S2V,message,2,231,233,
D7K,V2B,message,2,57,67,
D9G,P9Q,message,2,57,59,
D9G,Z2X,message,2,62,63,
F2K,B2F,message,2,278,279,
F2K,B6N,gift,2,248,263,5
F2K,C2V,message,2,160,161,
F2K,C4D,message,2,385,387,
F2K,L9P,gift,2,227,255,5
F2K,W2M,message,2,373,374,
F2M,C4X,message,2,188,199,
F2M,J9D,message,2,132,181,
F2M,X6J,message,2,134,157,
F6V,B2F,gift,2,140,232,3
F6V,D2G,message,2,166,168,
F6V,J4V,gift,2,148,158,0
F6V,J7V,message,2,192,200,
F6V,R3P,gift,2,210,217,10
F6V,S2N,message,2,49,125,
F6V,S2P,message,2,236,237,
F6V,T3Q,message,2,225,226,
F6V,V4N,gift,2,214,295,5
F6V,V4N,message,2,201,213,
F6Z,B2F,message,2,278,279,
F6Z,C6S,gift,2,248,250,0
F6Z,D4J,gift,2,209,252,10
F6Z,F9C,gift,2,218,226,18
F6Z,J4V,gift,2,246,253,0
F6Z,S2V,message,2,219,222,
F6Z,V3Q,gift,2,263,269,0
F7G,K4Q,message,2,18,20,
F7X,S2P,message,2,82,83,
F9C,J9D,message,2,216,231,
F9S,T2F,message,2,63,105,
G3W,F2K,gift,2,368,392,0
G3W,F7X,message,2,133,190,
G3W,M2P,gift,2,169,387,5
G3W,M4D,gift,2,189,216,0
G3W,Q2M,gift,2,211,353,5
G3W,R3P,message,2,195,197,
G3W,R4X,message,2,159,164,
G3W,S2N,message,2,152,212,
G3W,V2V,gift,2,137,180,5
G3W,V4N,message,2,213,334,
G3W,V6G,message,2,107,108,
G3W,W7Q,message,2,341,342,
G7P,D2G,message,2,117,137,
G7P,K4Q,message,2,160,163,
G7P,R3P,message,2,211,223,
G7P,S2P,message,2,152,157,
G7P,S7D,message,2,113,121,
G7P,V2B,message,2,68,69,
J4V,B6Z,gift,2,121,157,0
J4V,C4X,gift,2,117,207,0
J4V,D4J,gift,2,123,215,5
J4V,L7C,message,2,131,133,
J4V,L9P,message,2,236,276,
J4V,P9W,message,2,90,93,
J4V,Q4W,message,2,13,82,
J4V,S7D,message,2,115,118,
J4V,T2F,message,2,105,239,
J4V,T2N,message,2,91,168,
J4V,V2V,message,2,120,129,
J4V,V4N,gift,2,213,214,10
J4V,W2M,gift,2,110,139,17
J6L,P9Q,message,2,53,58,
J7F,J4V,gift,2,252,279,5
J7F,P6X,gift,2,81,96,20
J7F,S2N,message,2,60,61,
J7V,R4X,message,2,42,108,
J7V,V6G,message,2,99,107,
J9D,B2F,message,2,274,277,
J9D,B6N,message,2,193,336,
J9D,C4X,gift,2,130,154,0
J9D,C7W,message,2,92,96,
J9D,D2Q,gift,2,228,245,0
J9D,D2Q,message,2,164,226,
J9D,F2K,gift,2,216,244,0
J9D,G3W,message,2,220,237,
J9D,J4V,message,2,50,144,
J9D,M4D,gift,2,229,307,0
J9D,S2V,message,2,199,215,
J9D,V2B,message,2,67,68,
J9D,V6G,message,2,133,141,
J9D,X7J,gift,2,247,312,0
L3X,C7W,harm,2,134,135,
L3X,V6L,message,2,21,23,
L6G,R3P,message,2,39,40,
L9C,J4V,message,2,85,86,
L9C,Q4W,message,2,13,14,
L9P,B6Z,message,2,158,249,
L9P,D4J,gift,2,92,131,0
L9P,Q4W,message,2,13,14,
L9P,T7F,message,2,31,272,
L9P,X4R,message,2,96,148,
M2P,B6Z,message,2,329,337,
M2P,C4D,message,2,156,158,
M2P,D4J,gift,2,209,236,7
M2P,G3W,message,2,351,353,
M2P,G7P,message,2,160,170,
M2P,T7S,message,2,177,191,
M2P,V2V,gift,2,129,266,11
M4D,D2Q,gift,2,202,227,0
M4D,G3W,message,2,180,216,
M4D,Q4S,message,2,167,174,
M4D,S7D,message,2,48,120,
M4D,V2V,gift,2,121,129,10
M4D,V2Z,message,2,142,148,
M4D,V4N,message,2,169,213,
M7Z,X4G,message,2,119,121,
M9P,S7D,message,2,77,88,
M9P,T2N,message,2,34,36,
N6P,Q4W,message,2,14,15,
P4F,B6Z,gift,2,331,339,10
P4F,B6Z,message,2,330,338,
P4F,C4X,gift,2,119,308,5
P4F,C9V,message,2,134,135,
P4F,F2K,message,2,316,318,
P4F,Q4W,message,2,13,14,
P4F,S2P,gift,2,202,209,10
P4F,S7D,message,2,120,126,
P4F,T2F,message,2,275,294,
P4F,T2N,message,2,168,169,
P4F,X7J,gift,2,116,392,2
P4F,X7J,message,2,390,391,
P6X,S2N,message,2,48,53,
P9W,F9C,message,2,142,143,
P9W,J4V,message,2,91,92,
P9W,L9P,message,2,54,90,
P9W,S7D,message,2,120,139,
P9W,S7W,message,2,86,88,
P9W,T7V,message,2,61,72,
P9W,V2B,message,2,67,85,
Q2M,C4X,message,2,181,208,
Q2M,D2Q,gift,2,145,212,5
Q2M,D4J,gift,2,92,252,17
Q2M,R3P,message,2,210,211,
Q2M,V2V,gift,2,262,267,11
Q2M,V7S,gift,2,189,201,0
Q2M,X4R,gift,2,236,238,0
Q3N,F9C,message,2,142,143,
Q3N,L9K,message,2,124,151,
Q3N,Q4S,message,2,167,169,
Q3N,X4R,message,2,112,125,
Q4D,Z2G,message,2,65,67,
Q4S,L9P,message,2,80,87,
Q6J,W2M,gift,2,138,139,8
Q6J,X4R,message,2,110,136,
Q6P,V2B,message,2,67,71,
Q7P,C4X,gift,2,195,207,0
Q7P,V3N,message,2,33,34,
Q7P,X4R,message,2,97,215,
Q7P,X6J,message,2,134,154,
R3P,B6Z,message,2,265,266,
R3P,C4X,message,2,199,201,
R3P,D2Q,message,2,64,233,
R3P,D4J,message,2,76,238,
R3P,G3W,message,2,196,198,
R3P,J4V,message,2,85,243,
R3P,M2P,gift,2,263,264,10
R3P,M4D,message,2,50,279,
R3P,T9V,message,2,95,176,
R3P,V6G,message,2,100,108,
R4X,K4Q,message,2,19,20,
R4X,L9P,message,2,53,227,
R4X,S7D,message,2,42,70,
R4X,V2B,message,2,68,69,
S2N,L9P,message,2,150,167,
S2P,B2P,message,2,204,245,
S2P,R4X,message,2,37,38,
S2P,V2V,gift,2,129,251,8
S2V,D2Q,message,2,226,230,
S2V,S7D,message,2,60,94,
S4X,J4V,message,2,85,86,
S7D,V2B,message,2,110,141,
S7W,J9D,gift,2,112,242,0
S7W,K4Q,message,2,25,33,
S9L,D3X,gift,2,183,195,5
S9L,R3P,message,2,36,211,
S9L,R4X,message,2,42,47,
T2B,B2P,message,2,22,25,
T2B,Z2G,message,2,65,66,
T2F,J4V,gift,2,243,244,10
T2F,S2P,gift,2,215,226,8
T2F,T9V,message,2,48,93,
T2F,W7Q,message,2,354,362,
T2N,D2Q,gift,2,197,199,10
T2N,R3P,message,2,16,160,
T2N,R4X,message,2,42,43,
T2N,V2B,message,2,67,68,
T2N,X4G,message,2,119,126,
T2N,X4R,message,2,132,141,
T3Q,J4V,message,2,193,203,
T3Q,X4G,message,2,112,117,
T7F,D4J,message,2,236,239,
T7F,J9D,message,2,100,226,
T7F,R4X,message,2,36,37,
T7F,X4R,message,2,113,116,
T7S,B2P,gift,2,182,245,2
T7S,C7D,message,2,89,117,
T7S,D7J,message,2,172,177,
T7S,J9D,gift,2,217,230,0
T7S,S2P,message,2,192,238,
T7S,V4N,message,2,97,169,
T7S,W2F,message,2,165,166,
T7S,X7J,message,2,116,175,
T7V,K4Q,message,2,89,168,
T7V,T9V,harm,2,78,82,
T9J,T9V,message,2,29,37,
T9N,F9C,message,2,63,143,
T9N,T9V,message,2,50,179,
T9N,Z2G,message,2,64,128,
V2B,B7N,gift,2,179,181,0
V2B,N6P,message,2,42,43,
V2B,V2Z,message,2,55,57,
V2V,L9P,message,2,54,207,
V2V,M2P,message,2,264,266,
V2V,S7D,message,2,60,120,
V2V,V4N,message,2,75,118,
V2Z,G3W,message,2,282,295,
V3N,S4X,message,2,57,58,
V3N,Z2G,message,2,28,66,
V3Q,B6Z,message,2,349,353,
V3Q,D4J,gift,2,254,372,5
V3Q,D7J,gift,2,343,355,0
V3Q,F2K,gift,2,281,318,5
V3Q,F6Z,message,2,262,268,
V3Q,G3W,gift,2,367,377,0
V3Q,J4V,gift,2,253,272,0
V3Q,L9P,message,2,257,264,
V4N,B6Z,message,2,330,331,
V4N,C6Q,message,2,114,118,
V4N,D2Q,message,2,221,234,
V4N,F9C,message,2,226,227,
V4N,W7Q,gift,2,157,258,5
V4N,X4R,message,2,291,308,
V6G,C4X,gift,2,83,142,0
V6G,D4J,message,2,117,118,
V6G,G3W,message,2,107,110,
V6G,X4R,message,2,131,136,
V7S,J7V,message,2,121,186,
V7S,L9P,gift,2,130,132,5
V7S,L9P,message,2,53,131,
W2F,D7K,message,2,59,124,
W2F,K7X,message,2,69,71,
W2F,L9P,message,2,54,80,
W2F,Q4W,message,2,14,15,
W2F,T7S,message,2,164,165,
W2F,X4R,message,2,136,149,
W2M,B6Z,message,2,319,337,
W2M,D4J,message,2,237,391,
W2M,R3P,message,2,17,36,
W2M,T2F,message,2,105,130,
W2M,V4N,message,2,213,296,
W2M,X4R,message,2,331,335,
W6B,B2P,gift,2,182,204,0
W6B,D3X,message,2,173,175,
W6B,D4Z,gift,2,200,202,10
W6B,D4Z,message,2,199,201,
W6B,J9D,gift,2,181,183,10
W6B,L9K,gift,2,63,105,0
W6B,L9P,message,2,207,227,
W6B,W2M,message,2,165,168,
W7Q,C4D,gift,2,136,357,10
W7Q,D3X,gift,2,79,90,0
W7Q,D3X,message,2,75,77,
W7Q,M2P,gift,2,149,263,5
W7Q,Q2M,message,2,303,369,
W7Q,R4X,message,2,159,160,
W7Q,T2B,message,2,44,45,
W7Q,T9V,message,2,97,104,
W7Q,V2B,gift,2,80,82,0
W9R,S7D,gift,2,77,80,0
X3C,B2P,message,2,23,25,
X4R,L9P,message,2,52,149,
X4R,R4X,message,2,116,134,
X4R,T7V,gift,2,78,82,10
X7J,D4J,gift,2,210,392,7
X7J,G3W,message,2,216,367,
X7J,J4V,message,2,193,197,
X7J,M4D,message,2,180,191,
X7J,Q2M,message,2,249,262,
X7J,R4X,message,2,41,159,
X7J,T2F,gift,2,130,273,5
Z2G,C4X,gift,2,135,136,0
Z2G,Q4W,message,2,121,125,
Z2X,P9Q,message,2,51,58,
B2F,B6Z,gift,1,324,324,5
B2F,B7N,gift,1,206,206,5
B2F,C4X,message,1,357,357,
B2F,C6Q,message,1,232,232,
B2F,D2Q,message,1,222,222,
B2F,F2M,gift,1,155,155,3
B2F,F6V,gift,1,167,167,2
B2F,F6V,message,1,166,166,
B2F,J4V,gift,1,244,244,5
B2F,J7V,message,1,121,121,
B2F,M2P,message,1,165,165,
B2F,R3P,gift,1,291,291,3
B2F,R3P,message,1,17,17,
B2F,S2N,message,1,212,212,
B2F,S2V,message,1,235,235,
B2F,T7S,message,1,234,234,
B2F,T9V,harm,1,103,103,
B2F,V2V,gift,1,129,129,5
B2F,V4N,gift,1,135,135,5
B2F,V7S,gift,1,179,179,4
B2F,V7S,message,1,180,180,
B2F,X7J,message,1,221,221,
B2F,Z2G,message,1,68,68,
B2P,B4B,message,1,172,172,
B2P,B6N,gift,1,83,83,5
B2P,B6Z,gift,1,123,123,6
B2P,B6Z,message,1,122,122,
B2P,C9V,message,1,115,115,
B2P,D4J,message,1,239,239,
B2P,D6W,gift,1,148,148,2
B2P,F9C,message,1,218,218,
B2P,G3W,message,1,216,216,
B2P,J9D,gift,1,245,245,2
B2P,L3X,message,1,166,166,
B2P,L9K,message,1,124,124,
B2P,M4D,message,1,180,180,
B2P,P4F,gift,1,206,206,0
B2P,Q4S,message,1,167,167,
B2P,R4X,message,1,159,159,
B2P,S2P,gift,1,152,152,5
B2P,T3Q,gift,1,205,205,0
B2P,T7F,gift,1,96,96,0
B2P,V2V,gift,1,121,121,5
B2P,V2V,message,1,207,207,
B2P,V3Q,message,1,250,250,
B2P,V4N,message,1,258,258,
B2P,W2F,gift,1,131,131,0
B2P,W2F,message,1,119,119,
B2P,W6B,gift,1,204,204,5
B2P,X7J,gift,1,220,220,4
B4B,C7W,message,1,140,140,
B4B,D7K,message,1,59,59,
B4B,L3X,message,1,73,73,
B4B,M4D,message,1,50,50,
B4B,R3P,message,1,128,128,
B4B,S2N,message,1,48,48,
B4B,S4X,message,1,58,58,
B4B,T2F,gift,1,130,130,5
B4B,T7F,message,1,46,46,
B4B,V2B,message,1,67,67,
B4B,V2V,gift,1,129,129,6
B4B,X4G,message,1,139,139,
B4B,X4R,message,1,143,143,
B6N,B2P,gift,1,119,119,8
B6N,C4X,gift,1,330,330,5
B6N,D2Q,message,1,250,250,
B6N,D4J,gift,1,397,397,2
B6N,D6W,harm,1,71,71,
B6N,G3W,message,1,370,370,
B6N,J4V,message,1,193,193,
B6N,L9P,gift,1,237,237,5
B6N,M7Z,message,1,123,123,
B6N,R3P,message,1,210,210,
B6N,R4X,harm,1,81,81,
B6N,T2F,gift,1,275,275,8
B6N,T2N,message,1,174,174,
B6N,T3Q,gift,1,224,224,0
B6N,V2V,gift,1,219,219,0
B6N,V4N,gift,1,300,300,0
B6N,W2M,gift,1,299,299,0
B6N,W6B,message,1,204,204,
B6N,W7Q,message,1,357,357,
B6Z,B2F,gift,1,334,334,0
B6Z,B2P,gift,1,123,123,0
B6Z,B2P,message,1,118,118,
B6Z,C6T,gift,1,251,251,0
B6Z,C6T,message,1,128,128,
B6Z,D2Q,gift,1,316,316,0
B6Z,D4P,gift,1,138,138,0
B6Z,D7J,gift,1,343,343,0
B6Z,D7K,message,1,124,124,
B6Z,F6Z,gift,1,275,275,0
B6Z,F9S,message,1,131,131,
B6Z,J4V,gift,1,245,245,0
B6Z,M2P,gift,1,330,330,0
B6Z,M4D,message,1,279,279,
B6Z,M7Z,message,1,126,126,
B6Z,Q2M,gift,1,249,249,5
B6Z,Q3N,message,1,125,125,
B6Z,S2P,gift,1,152,152,5
B6Z,T2F,message,1,274,274,
B6Z,V2Z,gift,1,310,310,0
B6Z,W2M,gift,1,320,320,0
B6Z,X6X,message,1,135,135,
B6Z,X7J,gift,1,318,318,0
B7N,B6Z,message,1,146,146,
B7N,D2G,gift,1,79,79,0
B7N,D7K,message,1,59,59,
B7N,F9C,message,1,63,63,
B7N,J9D,message,1,207,207,
B7N,L9P,gift,1,206,206,0
B7N,L9P,message,1,80,80,
B7N,Q4S,gift,1,118,118,0
B7N,Q4W,message,1,13,13,
B7N,S7D,gift,1,82,82,0
B7N,T2F,message,1,14,14,
B7N,W7Q,gift,1,110,110,5
B7N,X4R,message,1,205,205,
B9B,C7W,message,1,179,179,
B9B,D3X,message,1,173,173,
B9B,D4J,gift,1,87,87,0
B9B,D4Z,message,1,137,137,
B9B,D6W,message,1,85,85,
B9B,F6V,message,1,166,166,
B9B,J4V,message,1,51,51,
B9B,J9D,message,1,100,100,
B9B,L9P,message,1,66,66,
B9B,S7D,message,1,114,114,
B9B,T2B,message,1,47,47,
B9B,V2B,message,1,67,67,
B9B,V2Z,message,1,180,180,
B9B,V6G,message,1,101,101,
C2V,F6V,gift,1,140,140,0
C2V,L9K,message,1,124,124,
C2V,Z2X,message,1,94,94,
C4D,B2F,message,1,140,140,
C4D,D2Q,message,1,202,202,
C4D,D4Z,gift,1,199,199,0
C4D,G3W,gift,1,369,369,4
C4D,J6L,message,1,154,154,
C4D,K4Q,gift,1,160,160,0
C4D,L9P,gift,1,227,227,6
C4D,L9P,message,1,139,139,
C4D,M2P,message,1,157,157,
C4D,Q2M,gift,1,250,250,5
C4D,Q2M,message,1,249,249,
C4D,R3P,message,1,198,198,
C4D,R4X,gift,1,191,191,5
C4D,S7D,message,1,221,221,
C4D,T2F,message,1,273,273,
C4D,T3Q,gift,1,226,226,7
C4D,V2V,message,1,127,127,
C4D,V4N,message,1,214,214,
C4D,V6L,message,1,91,91,
C4D,V7S,message,1,200,200,
C4D,W6B,gift,1,204,204,5
C4D,X6X,message,1,135,135,
C4X,B2P,gift,1,258,258,0
C4X,B6N,gift,1,263,263,0
C4X,B9B,message,1,182,182,
C4X,D4Z,message,1,208,208,
C4X,D6W,message,1,158,158,
C4X,D7J,gift,1,357,357,5
C4X,F2K,gift,1,282,282,0
C4X,F6V,message,1,131,131,
C4X,G3W,gift,1,176,176,0
C4X,G3W,message,1,380,380,
C4X,J4V,gift,1,253,253,0
C4X,J7F,gift,1,277,277,0
C4X,J7V,message,1,178,178,
C4X,J9D,gift,1,250,250,0
C4X,M4D,gift,1,191,191,0
C4X,M7Z,gift,1,123,123,5
C4X,N6P,gift,1,139,139,0
C4X,P4F,message,1,118,118,
C4X,P6X,gift,1,78,78,10
C4X,Q2M,gift,1,210,210,0
C4X,Q4S,message,1,167,167,
C4X,Q4W,gift,1,252,252,0
C4X,Q7P,gift,1,164,164,0
C4X,R3P,message,1,200,200,
C4X,S2V,gift,1,249,249,5
C4X,S7D,message,1,141,141,
C4X,S7W,gift,1,89,89,5
C4X,T2F,gift,1,274,274,0
C4X,T4D,message,1,124,124,
C4X,T7S,gift,1,248,248,0
C4X,T7S,message,1,177,177,
C4X,T7V,message,1,161,161,
C4X,V2B,gift,1,127,127,0
C4X,V2V,gift,1,251,251,0
C4X,V3Q,harm,1,343,343,
C4X,V4N,message,1,159,159,
C4X,V6G,gift,1,97,97,5
C6Q,D6W,harm,1,138,138,
C6Q,D7K,message,1,59,59,
C6Q,J6L,message,1,58,58,
C6Q,M4D,message,1,50,50,
C6Q,N6P,message,1,57,57,
C6Q,R4X,message,1,41,41,
C6Q,S2N,message,1,60,60,
C6Q,S9L,gift,1,78,78,3
C6Q,T3Q,message,1,219,219,
C6Q,T9N,message,1,109,109,
C6Q,V2V,gift,1,254,254,3
C6Q,V2V,message,1,251,251,
C6Q,V4N,gift,1,115,115,5
C6Q,Z2X,message,1,61,61,
C6S,C4X,message,1,130,130,
C6S,F9S,message,1,132,132,
C6S,G7P,message,1,233,233,
C6S,V6G,message,1,4,4,
C6S,X4R,message,1,128,128,
C6T,B9B,message,1,33,33,
C6T,D4J,message,1,76,76,
C6T,J4V,message,1,51,51,
C6T,N6P,message,1,35,35,
C6T,R4X,message,1,34,34,
C6T,S4X,message,1,58,58,
C6T,S9L,gift,1,78,78,3
C6T,V2B,message,1,67,67,
C6T,Z2G,message,1,65,65,
C7D,B6Z,message,1,135,135,
C7D,C7W,harm,1,37,37,
C7D,D2G,message,1,117,117,
C7D,D3X,message,1,139,139,
C7D,D4J,gift,1,77,77,10
C7D,D4Z,message,1,140,140,
C7D,J7F,message,1,88,88,
C7D,T7V,message,1,161,161,
C7D,T9V,harm,1,114,114,
C7D,W2M,gift,1,138,138,0
C7D,W2M,message,1,137,137,
C7W,B4B,gift,1,141,141,1
C7W,B6N,gift,1,83,83,5
C7W,C2V,message,1,17,17,
C7W,C7D,gift,1,36,36,1
C7W,D2G,gift,1,81,81,5
C7W,J9D,gift,1,93,93,8
C7W,J9D,message,1,91,91,
C7W,N6P,gift,1,62,62,0
C7W,S7D,message,1,94,94,
C7W,T7V,gift,1,61,61,0
C9V,D2Q,message,1,140,140,
C9V,P4F,message,1,135,135,
C9V,Q4W,message,1,13,13,
C9V,T9J,message,1,79,79,
C9V,Z2X,message,1,12,12,
D2G,C4X,message,1,202,202,
D2G,C6T,message,1,94,94,
D2G,D6W,harm,1,137,137,
D2G,F6V,message,1,165,165,
D2G,F9C,message,1,113,113,
D2G,J9D,message,1,100,100,
D2G,L9P,gift,1,130,130,0
D2G,L9P,message,1,52,52,
D2G,P4F,message,1,79,79,
D2G,Q2M,message,1,203,203,
D2G,R4X,message,1,42,42,
D2G,T2B,message,1,43,43,
D2G,T2F,message,1,93,93,
D2G,V6G,message,1,101,101,
D2G,W6B,message,1,204,204,
D2G,X4G,message,1,139,139,
D2Q,B6N,gift,1,253,253,0
D2Q,C4X,gift,1,262,262,0
D2Q,C7W,gift,1,101,101,0
D2Q,D4J,message,1,76,76,
D2Q,D4Z,message,1,155,155,
D2Q,F2K,gift,1,315,315,5
D2Q,J7F,gift,1,263,263,0
D2Q,K4Q,message,1,19,19,
D2Q,K7X,message,1,71,71,
D2Q,L7C,message,1,134,134,
D2Q,M2P,gift,1,264,264,0
D2Q,M2P,message,1,365,365,
D2Q,Q2M,gift,1,266,266,0
D2Q,R4X,message,1,254,254,
D2Q,S9L,gift,1,78,78,3
D2Q,T9V,harm,1,180,180,
D2Q,V6G,gift,1,108,108,5
D2Q,V7S,gift,1,126,126,5
D2Q,X6X,message,1,49,49,
D2Q,X7J,message,1,251,251,
D3X,B2P,gift,1,118,118,0
D3X,B2P,message,1,22,22,
D3X,C7D,message,1,140,140,
D3X,D2G,gift,1,117,117,0
D3X,D6W,message,1,71,71,
D3X,J9D,message,1,184,184,
D3X,L9K,message,1,124,124,
D3X,R3P,message,1,79,79,
D3X,S2N,message,1,48,48,
D3X,S4K,message,1,61,61,
D3X,S9L,gift,1,183,183,0
D3X,S9L,message,1,194,194,
D3X,T2F,message,1,160,160,
D3X,V2V,message,1,207,207,
D3X,V7S,message,1,208,208,
D3X,W2M,message,1,137,137,
D3X,W7Q,message,1,78,78,
D3X,X4G,message,1,143,143,
D3X,X4R,message,1,201,201,
D3X,X6X,message,1,180,180,
D4J,B2F,message,1,378,378,
D4J,B6N,gift,1,298,298,5
D4J,B6Z,message,1,158,158,
D4J,C2V,message,1,137,137,
D4J,C6T,gift,1,94,94,0
D4J,D2G,gift,1,81,81,5
D4J,D2G,message,1,93,93,
D4J,D2Q,gift,1,233,233,0
D4J,F2K,gift,1,379,379,0
D4J,F6Z,message,1,261,261,
D4J,F7X,gift,1,173,173,0
D4J,F7X,message,1,166,166,
D4J,F9C,message,1,226,226,
D4J,G3W,gift,1,216,216,5
D4J,G3W,message,1,368,368,
D4J,J4V,gift,1,193,193,5
D4J,J7V,gift,1,185,185,0
D4J,J9D,gift,1,267,267,5
D4J,L9P,harm,1,132,132,
D4J,P6X,gift,1,77,77,10
D4J,Q4S,gift,1,80,80,5
D4J,Q4W,message,1,252,252,
D4J,R3P,gift,1,195,195,5
D4J,R4X,gift,1,187,187,0
D4J,R4X,message,1,223,223,
D4J,T3Q,gift,1,225,225,0
D4J,T3Q,message,1,224,224,
D4J,T7F,message,1,98,98,
D4J,T9V,message,1,92,92,
D4J,V4N,harm,1,213,213,
D4J,Z2G,message,1,128,128,
D4P,B2P,message,1,163,163,
D4P,C9V,message,1,79,79,
D4P,J7V,message,1,87,87,
D4P,R3P,message,1,16,16,
D4P,T2N,message,1,96,96,
D4P,T9V,harm,1,106,106,
D4P,T9V,message,1,95,95,
D4P,V2B,message,1,68,68,
D4P,W7Q,message,1,164,164,
D4P,X4R,message,1,136,136,
D4Z,B2P,message,1,23,23,
D4Z,B4B,gift,1,114,114,5
D4Z,C4D,gift,1,103,103,2
D4Z,D2Q,message,1,156,156,
D4Z,D4J,gift,1,155,155,3
D4Z,G3W,gift,1,216,216,5
D4Z,G3W,message,1,230,230,
D4Z,M2P,gift,1,151,151,0
D4Z,S2N,message,1,49,49,
D4Z,S2P,gift,1,152,152,5
D4Z,V2B,message,1,67,67,
D4Z,W6B,gift,1,200,200,0
D4Z,Z2G,message,1,65,65,
D6W,B4B,gift,1,142,142,1
D6W,F2M,message,1,157,157,
D6W,R3P,message,1,38,38,
D6W,T2B,message,1,43,43,
D6W,T7V,gift,1,84,84,10
D6W,V2B,message,1,71,71,
D6W,V6L,message,1,22,22,
D7J,B2F,gift,1,232,232,0
D7J,B6N,gift,1,299,299,5
D7J,B6N,message,1,298,298,
D7J,D4J,gift,1,209,209,5
D7J,D4Z,message,1,172,172,
D7J,F6V,message,1,166,166,
D7J,F6Z,gift,1,200,200,0
D7J,F6Z,message,1,199,199,
D7J,F9C,message,1,226,226,
D7J,L3X,message,1,167,167,
D7J,L9P,gift,1,207,207,0
D7J,P4F,gift,1,206,206,10
D7J,Q4S,message,1,164,164,
D7J,R3P,gift,1,210,210,0
D7J,S2P,message,1,169,169,
D7J,T3Q,message,1,170,170,
D7J,V2V,gift,1,262,262,0
D7J,V3Q,gift,1,294,294,0
D7J,V4N,gift,1,214,214,5
D7J,V4N,message,1,213,213,
D7J,W2M,message,1,168,168,
D7J,W6B,message,1,204,204,
D7J,X7J,gift,1,220,220,0
D7K,C7W,gift,1,96,96,0
D7K,K7X,message,1,53,53,
D7K,L9P,message,1,54,54,
D7K,N6P,message,1,35,35,
D7K,Q6J,message,1,10,10,
D7K,S9L,gift,1,125,125,0
D7K,T2B,message,1,47,47,
D7K,V2Z,gift,1,46,46,0
D7K,W9R,message,1,52,52,
D7K,Z2G,message,1,66,66,
D9G,F9S,message,1,46,46,
D9G,Q4W,message,1,45,45,
D9G,T9V,harm,1,47,47,
D9G,T9V,message,1,48,48,
F2K,B2F,gift,1,224,224,5
F2K,B6N,message,1,371,371,
F2K,B7N,gift,1,173,173,7
F2K,C4D,gift,1,315,315,0
F2K,D2Q,gift,1,202,202,0
F2K,D2Q,message,1,233,233,
F2K,D7J,gift,1,206,206,0
F2K,F7G,message,1,164,164,
F2K,J7V,gift,1,178,178,0
F2K,P4F,gift,1,321,321,5
F2K,Q2M,gift,1,251,251,5
F2K,Q3N,message,1,156,156,
F2K,R4X,gift,1,223,223,5
F2K,V2V,gift,1,264,264,5
F2K,V4N,gift,1,298,298,5
F2K,W7Q,message,1,265,265,
F2M,B6N,message,1,160,160,
F2M,B6Z,gift,1,143,143,0
F2M,C9V,gift,1,142,142,0
F2M,D6W,gift,1,158,158,0
F2M,D6W,message,1,156,156,
F2M,D7J,message,1,198,198,
F2M,F7X,message,1,133,133,
F2M,L9P,message,1,52,52,
F2M,S9L,message,1,182,182,
F2M,X6J,gift,1,136,136,0
F4Z,B2P,message,1,119,119,
F4Z,B6Z,gift,1,135,135,0
F4Z,D4Z,message,1,141,141,
F4Z,D6W,message,1,27,27,
F4Z,K4Q,message,1,20,20,
F4Z,N6P,message,1,40,40,
F4Z,Q3N,message,1,124,124,
F4Z,Q6J,message,1,125,125,
F4Z,S4X,message,1,118,118,
F4Z,T4D,message,1,123,123,
F4Z,T9V,message,1,116,116,
F4Z,V2V,gift,1,120,120,5
F4Z,V4N,message,1,97,97,
F4Z,V6G,message,1,101,101,
F4Z,W7Q,gift,1,122,122,5
F4Z,W7Q,message,1,79,79,
F4Z,X4G,gift,1,121,121,0
F6V,B6Z,message,1,143,143,
F6V,C2V,message,1,139,139,
F6V,C4X,gift,1,132,132,0
F6V,C4X,message,1,130,130,
F6V,D2Q,message,1,234,234,
F6V,D4Z,message,1,199,199,
F6V,F7X,message,1,190,190,
F6V,G3W,message,1,216,216,
F6V,J9D,gift,1,230,230,5
F6V,L9K,message,1,119,119,
F6V,L9P,gift,1,227,227,6
F6V,P9W,message,1,145,145,
F6V,Q4W,message,1,118,118,
F6V,R4X,gift,1,224,224,5
F6V,R4X,message,1,223,223,
F6V,S2V,gift,1,231,231,5
F6V,S9L,message,1,181,181,
F6V,T3Q,gift,1,228,228,6
F6V,T9N,gift,1,112,112,5
F6V,V2V,gift,1,137,137,0
F6V,W2M,gift,1,106,106,0
F6V,W6B,message,1,212,212,
F6V,X6J,gift,1,71,71,0
F6V,X7J,message,1,191,191,
F6V,Z2G,message,1,67,67,
F6Z,B2F,gift,1,280,280,0
F6Z,B6Z,gift,1,249,249,0
F6Z,B7N,gift,1,205,205,0
F6Z,C4D,gift,1,197,197,5
F6Z,C6T,message,1,258,258,
F6Z,D2Q,gift,1,196,196,5
F6Z,G3W,gift,1,216,216,5
F6Z,J4V,message,1,243,243,
F6Z,J9D,gift,1,251,251,0
F6Z,P9W,message,1,208,208,
F6Z,R3P,gift,1,217,217,5
F6Z,R3P,message,1,201,201,
F6Z,R4X,gift,1,223,223,5
F6Z,T3Q,gift,1,224,224,7
F6Z,T7F,gift,1,225,225,5
F6Z,V3Q,harm,1,264,264,
F6Z,V4N,message,1,213,213,
F6Z,V7S,message,1,200,200,
F6Z,W6B,gift,1,212,212,5
F6Z,W6B,message,1,204,204,
F6Z,W7Q,gift,1,277,277,5
F6Z,X7J,message,1,270,270,
F7X,B2P,message,1,23,23,
F7X,B4B,message,1,127,127,
F7X,C7D,message,1,88,88,
F7X,D4P,message,1,81,81,
F7X,G3W,gift,1,134,134,5
F7X,J9D,message,1,198,198,
F7X,L9P,gift,1,147,147,0
F7X,M2P,gift,1,130,130,5
F7X,P9W,message,1,145,145,
F7X,R4X,message,1,37,37,
F7X,S7D,message,1,120,120,
F7X,V2B,message,1,67,67,
F7X,W7Q,gift,1,110,110,5
F7X,Z2G,message,1,148,148,
F7X,Z2X,message,1,12,12,
F9C,D2Q,gift,1,226,226,0
F9C,D3X,gift,1,112,112,0
F9C,D4P,gift,1,79,79,10
F9C,D7K,message,1,59,59,
F9C,L9K,message,1,43,43,
F9C,L9P,gift,1,139,139,0
F9C,L9P,message,1,219,219,
F9C,P9Q,message,1,53,53,
F9C,P9W,gift,1,90,90,0
F9C,P9W,message,1,242,242,
F9C,S2N,gift,1,61,61,0
F9C,S2N,message,1,60,60,
F9C,S4X,message,1,58,58,
F9C,S7D,gift,1,130,130,0
F9C,T2B,message,1,44,44,
F9C,T4D,gift,1,113,113,0
F9C,V2B,gift,1,140,140,0
F9C,V2V,gift,1,137,137,0
F9C,V6L,message,1,23,23,
F9C,X6X,gift,1,135,135,0
F9S,C7D,message,1,89,89,
F9S,D2Q,message,1,64,64,
F9S,J7V,message,1,62,62,
F9S,L9P,message,1,80,80,
F9S,S2N,message,1,48,48,
F9S,S2P,message,1,82,82,
F9S,S7D,message,1,65,65,
F9S,T2B,message,1,47,47,
F9S,V2B,message,1,67,67,
F9S,V2V,gift,1,129,129,5
F9S,X7J,gift,1,117,117,5
F9S,X7J,message,1,116,116,
F9S,Z2G,message,1,128,128,
G3W,B2F,message,1,382,382,
G3W,B6N,gift,1,371,371,0
G3W,B6Z,gift,1,320,320,5
G3W,B7N,message,1,123,123,
G3W,C4D,gift,1,174,174,5
G3W,C4X,gift,1,328,328,5
G3W,D2Q,message,1,377,377,
G3W,D3X,gift,1,173,173,10
G3W,D3X,message,1,139,139,
G3W,D4Z,message,1,136,136,
G3W,F9C,gift,1,218,218,10
G3W,G7P,message,1,223,223,
G3W,J4V,gift,1,120,120,0
G3W,J4V,harm,1,196,196,
G3W,J4V,message,1,193,193,
G3W,J9D,harm,1,181,181,
G3W,K4Q,message,1,161,161,
G3W,L3X,gift,1,167,167,5
G3W,L9P,message,1,227,227,
G3W,M2P,message,1,352,352,
G3W,M4D,message,1,179,179,
G3W,N6P,message,1,155,155,
G3W,Q2M,message,1,354,354,
G3W,Q4W,gift,1,146,146,0
G3W,Q7P,message,1,163,163,
G3W,R3P,gift,1,210,210,5
G3W,R4X,gift,1,160,160,5
G3W,S7D,gift,1,148,148,5
G3W,T7F,gift,1,98,98,5
G3W,T9N,message,1,112,112,
G3W,V2V,message,1,178,178,
G3W,V2Z,gift,1,296,296,100
G3W,V3Q,message,1,348,348,
G3W,W2F,message,1,162,162,
G3W,W2M,gift,1,105,105,5
G3W,X7J,message,1,220,220,
G7P,B2F,message,1,179,179,
G7P,B2P,gift,1,119,119,5
G7P,B2P,message,1,118,118,
G7P,C9V,message,1,172,172,
G7P,D2Q,gift,1,234,234,5
G7P,D2Q,message,1,233,233,
G7P,F2M,message,1,181,181,
G7P,G3W,message,1,230,230,
G7P,L9K,message,1,171,171,
G7P,L9P,gift,1,246,246,5
G7P,P9Q,message,1,52,52,
G7P,P9W,message,1,188,188,
G7P,R3P,gift,1,254,254,5
G7P,R4X,message,1,41,41,
G7P,V4N,message,1,114,114,
G7P,X7J,message,1,116,116,
G7P,Z2G,message,1,40,40,
J4V,B2F,message,1,279,279,
J4V,B2P,gift,1,205,205,5
J4V,B2P,message,1,204,204,
J4V,B6N,gift,1,194,194,0
J4V,B6Z,message,1,244,244,
J4V,B9B,message,1,103,103,
J4V,C2V,message,1,126,126,
J4V,C6Q,gift,1,111,111,5
J4V,C6Q,message,1,109,109,
J4V,D4J,message,1,76,76,
J4V,D6W,message,1,156,156,
J4V,D7K,message,1,124,124,
J4V,F6V,gift,1,136,136,0
J4V,F9S,message,1,116,116,
J4V,G3W,gift,1,216,216,5
J4V,J7F,gift,1,278,278,0
J4V,J9D,gift,1,145,145,0
J4V,J9D,message,1,143,143,
J4V,M4D,gift,1,191,191,0
J4V,P6X,gift,1,98,98,10
J4V,P6X,message,1,96,96,
J4V,P9Q,gift,1,149,149,0
J4V,S2V,message,1,94,94,
J4V,T3Q,gift,1,250,250,0
J4V,T7S,gift,1,177,177,0
J4V,V2Z,message,1,274,274,
J4V,V3Q,message,1,272,272,
J4V,V4N,message,1,97,97,
J4V,V6G,message,1,99,99,
J4V,W2F,message,1,140,140,
J4V,X6X,message,1,134,134,
J4V,X7J,gift,1,247,247,0
J4V,X7J,message,1,271,271,
J6L,B2P,gift,1,119,119,8
J6L,B9B,message,1,114,114,
J6L,C4X,message,1,149,149,
J6L,D7K,message,1,124,124,
J6L,K7X,message,1,69,69,
J6L,R4X,message,1,42,42,
J6L,S2N,gift,1,128,128,0
J6L,T2B,message,1,47,47,
J6L,T7S,message,1,115,115,
J6L,T9N,gift,1,112,112,5
J6L,V2B,message,1,57,57,
J6L,V2V,gift,1,120,120,5
J6L,V4N,message,1,159,159,
J6L,X4G,message,1,121,121,
J6L,Z2G,message,1,68,68,
J7F,D4J,gift,1,87,87,0
J7F,D7K,message,1,59,59,
J7F,L9K,message,1,45,45,
J7F,P6X,message,1,78,78,
J7F,R3P,message,1,79,79,
J7F,S7W,message,1,250,250,
J7F,V2V,gift,1,251,251,3
J7F,Z2G,message,1,64,64,
J7V,B2F,gift,1,181,181,0
J7V,B2F,message,1,179,179,
J7V,B2P,gift,1,115,115,5
J7V,B9B,message,1,114,114,
J7V,C4X,message,1,117,117,
J7V,F6V,gift,1,193,193,4
J7V,F7X,message,1,166,166,
J7V,J4V,message,1,85,85,
J7V,Q2M,message,1,203,203,
J7V,Q7P,message,1,163,163,
J7V,R3P,message,1,16,16,
J7V,R4X,gift,1,119,119,5
J7V,S2N,message,1,167,167,
J7V,S2P,message,1,192,192,
J7V,S7D,message,1,60,60,
J7V,T7S,gift,1,194,194,5
J7V,T9N,message,1,112,112,
J7V,V4N,gift,1,183,183,0
J7V,V4N,message,1,118,118,
J7V,V7S,gift,1,187,187,0
J7V,W2F,message,1,162,162,
J7V,W2M,message,1,186,186,
J7V,X4R,message,1,170,170,
J7V,X7J,message,1,116,116,
J9D,B2P,message,1,23,23,
J9D,B6Z,gift,1,340,340,0
J9D,B6Z,message,1,143,143,
J9D,C4X,message,1,373,373,
J9D,D3X,gift,1,185,185,0
J9D,F6Z,message,1,268,268,
J9D,G7P,gift,1,233,233,0
J9D,L9K,gift,1,41,41,0
J9D,L9P,message,1,66,66,
J9D,M2P,message,1,351,351,
J9D,M4D,message,1,155,155,
J9D,N6P,message,1,56,56,
J9D,P4F,gift,1,353,353,0
J9D,P6X,gift,1,78,78,10
J9D,Q2M,gift,1,311,311,0
J9D,Q2M,message,1,197,197,
J9D,Q7P,message,1,151,151,
J9D,R3P,message,1,39,39,
J9D,R4X,gift,1,184,184,0
J9D,S2N,message,1,48,48,
J9D,S2V,gift,1,182,182,0
J9D,S7D,message,1,94,94,
J9D,T7S,gift,1,217,217,0
J9D,T7S,message,1,264,264,
J9D,V4N,gift,1,375,375,0
J9D,V4N,message,1,352,352,
J9D,V7S,gift,1,115,115,0
J9D,W2F,message,1,171,171,
J9D,W2M,message,1,234,234,
J9D,W6B,gift,1,181,181,0
J9D,X7J,message,1,359,359,
K4Q,B2F,gift,1,101,101,0
K4Q,J7V,message,1,38,38,
K4Q,P4F,gift,1,151,151,10
K4Q,S7W,message,1,24,24,
K7X,C7W,message,1,65,65,
K7X,L9K,message,1,44,44,
K7X,P9W,gift,1,90,90,8
K7X,T9N,message,1,79,79,
K7X,V2Z,message,1,48,48,
K7X,V3N,message,1,56,56,
K7X,Z2G,message,1,66,66,
L3X,B2P,gift,1,118,118,5
L3X,B2P,message,1,25,25,
L3X,C6T,gift,1,128,128,0
L3X,D2Q,message,1,64,64,
L3X,D6W,harm,1,133,133,
L3X,L7C,harm,1,131,131,
L3X,T2F,message,1,63,63,
L3X,V2V,gift,1,129,129,5
L3X,X4R,harm,1,141,141,
L3X,X4R,message,1,102,102,
L3X,X7J,message,1,116,116,
L6G,J9D,gift,1,164,164,5
L6G,L3X,message,1,167,167,
L6G,W2M,message,1,168,168,
L7C,D4J,message,1,98,98,
L7C,D6W,message,1,27,27,
L7C,K4Q,message,1,20,20,
L7C,N6P,message,1,35,35,
L7C,Q4W,message,1,15,15,
L7C,R3P,message,1,16,16,
L7C,S7D,gift,1,82,82,0
L7C,V2V,message,1,132,132,
L7C,X4R,message,1,143,143,
L7C,X6X,message,1,131,131,
L9C,C6T,message,1,83,83,
L9C,F9C,message,1,63,63,
L9C,K7X,message,1,71,71,
L9C,L3X,message,1,72,72,
L9C,N6P,message,1,39,39,
L9C,P9Q,message,1,53,53,
L9C,Q4D,message,1,29,29,
L9C,R4X,message,1,38,38,
L9C,S2N,message,1,48,48,
L9C,S4K,message,1,61,61,
L9C,T2B,message,1,43,43,
L9C,V2Z,message,1,47,47,
L9C,V3N,message,1,28,28,
L9C,Z2G,message,1,64,64,
L9K,B2P,message,1,23,23,
L9K,F6V,gift,1,120,120,0
L9K,F9C,message,1,143,143,
L9K,L7C,message,1,134,134,
L9K,Q4W,gift,1,157,157,0
L9K,V2B,gift,1,142,142,0
L9K,V2B,message,1,140,140,
L9K,V2V,message,1,133,133,
L9K,V6G,message,1,101,101,
L9P,B2F,message,1,140,140,
L9P,B7N,message,1,205,205,
L9P,C4D,gift,1,197,197,0
L9P,C6S,gift,1,248,248,0
L9P,C6T,message,1,257,257,
L9P,D4Z,gift,1,141,141,0
L9P,D7J,gift,1,198,198,0
L9P,F9C,message,1,218,218,
L9P,G3W,message,1,216,216,
L9P,J4V,message,1,85,85,
L9P,K7X,message,1,55,55,
L9P,L9K,gift,1,44,44,0
L9P,P9Q,message,1,154,154,
L9P,Q4S,message,1,88,88,
L9P,R3P,message,1,217,217,
L9P,R4X,message,1,41,41,
L9P,S2V,message,1,219,219,
L9P,T2F,message,1,273,273,
L9P,V2V,message,1,137,137,
L9P,V3Q,gift,1,258,258,0
L9P,V3Q,message,1,265,265,
L9P,W7Q,message,1,261,261,
M2P,B2F,gift,1,232,232,3
M2P,B2P,message,1,163,163,
M2P,B6Z,gift,1,313,313,5
M2P,C4X,gift,1,328,328,5
M2P,D2Q,message,1,250,250,
M2P,F6V,gift,1,398,398,2
M2P,G3W,gift,1,216,216,5
M2P,J4V,gift,1,194,194,5
M2P,J9D,gift,1,352,352,5
M2P,P9W,message,1,215,215,
M2P,Q2M,message,1,249,249,
M2P,Q6J,message,1,10,10,
M2P,T7S,gift,1,181,181,0
M2P,V2B,message,1,68,68,
M2P,V4N,gift,1,157,157,0
M2P,V7S,message,1,208,208,
M2P,W7Q,message,1,148,148,
M2P,X4G,message,1,55,55,
M2P,X7J,gift,1,340,340,5
M4D,B2P,gift,1,181,181,0
M4D,B2P,message,1,22,22,
M4D,B6N,gift,1,298,298,5
M4D,B6Z,message,1,337,337,
M4D,B9B,message,1,32,32,
M4D,D2Q,message,1,226,226,
M4D,G7P,gift,1,153,153,5
M4D,G7P,message,1,170,170,
M4D,L9P,message,1,276,276,
M4D,M2P,message,1,151,151,
M4D,Q2M,message,1,305,305,
M4D,R3P,gift,1,201,201,0
M4D,S2N,gift,1,212,212,0
M4D,S2P,message,1,152,152,
M4D,T2B,message,1,47,47,
M4D,T2F,message,1,275,275,
M4D,T2N,message,1,168,168,
M4D,T7S,gift,1,195,195,0
M4D,T7S,message,1,194,194,
M4D,W2M,message,1,165,165,
M4D,X4G,message,1,322,322,
M4D,X7J,message,1,111,111,
M4D,Z2G,message,1,128,128,
M7Z,B6N,message,1,124,124,
M7Z,B7N,message,1,123,123,
M7Z,C2V,message,1,126,126,
M7Z,C9V,message,1,138,138,
M7Z,D4Z,message,1,136,136,
M7Z,J4V,message,1,120,120,
M7Z,J9D,message,1,132,132,
M7Z,K7X,message,1,69,69,
M7Z,L9P,message,1,130,130,
M7Z,R4X,message,1,38,38,
M7Z,V2V,message,1,137,137,
M7Z,V4N,message,1,75,75,
M7Z,Z2G,message,1,68,68,
M9P,S2N,message,1,60,60,
M9P,S7D,gift,1,78,78,0
M9P,T2N,gift,1,35,35,0
M9P,X4G,gift,1,33,33,0
M9P,X4G,message,1,31,31,
N6P,C7W,message,1,96,96,
N6P,D2G,message,1,81,81,
N6P,D4Z,gift,1,155,155,0
N6P,Q4S,message,1,172,172,
N6P,R3P,gift,1,79,79,5
N6P,S4X,message,1,58,58,
N6P,S7D,gift,1,101,101,0
N6P,V2Z,message,1,48,48,
N6P,X6X,message,1,49,49,
P4F,B2P,message,1,118,118,
P4F,C4X,message,1,117,117,
P4F,D4J,message,1,76,76,
P4F,D6W,message,1,27,27,
P4F,F9C,message,1,63,63,
P4F,G3W,gift,1,252,252,5
P4F,J7V,message,1,62,62,
P4F,K7X,message,1,77,77,
P4F,L9P,message,1,236,236,
P4F,N6P,message,1,155,155,
P4F,R3P,gift,1,311,311,5
P4F,R3P,message,1,36,36,
P4F,T2B,message,1,45,45,
P4F,T2F,gift,1,296,296,5
P4F,T2F,harm,1,297,297,
P4F,T9V,message,1,114,114,
P4F,V2B,message,1,67,67,
P4F,V2V,message,1,251,251,
P4F,V4N,gift,1,253,253,6
P4F,V4N,message,1,75,75,
P4F,W2F,message,1,162,162,
P4F,X4G,message,1,112,112,
P6X,C7W,gift,1,96,96,0
P6X,D4J,message,1,76,76,
P6X,J4V,message,1,97,97,
P6X,J7F,gift,1,79,79,10
P6X,J7F,message,1,98,98,
P6X,R4X,message,1,37,37,
P6X,S4K,message,1,61,61,
P6X,S7D,message,1,60,60,
P6X,T2B,message,1,44,44,
P6X,V4N,gift,1,120,120,5
P6X,V4N,message,1,118,118,
P9Q,B9B,message,1,33,33,
P9Q,N6P,message,1,35,35,
P9Q,Q2X,message,1,12,12,
P9Q,R3P,message,1,36,36,
P9Q,S2N,message,1,48,48,
P9Q,T2N,message,1,34,34,
P9W,B2P,gift,1,220,220,0
P9W,B6N,gift,1,240,240,0
P9W,F9C,gift,1,218,218,0
P9W,G7P,gift,1,223,223,0
P9W,J4V,gift,1,93,93,8
P9W,L3X,message,1,25,25,
P9W,L9K,message,1,156,156,
P9W,M2P,gift,1,216,216,0
P9W,M4D,message,1,50,50,
P9W,P9Q,message,1,53,53,
P9W,Q2M,gift,1,188,188,0
P9W,R4X,message,1,34,34,
P9W,S2V,gift,1,219,219,0
P9W,T2B,message,1,44,44,
P9W,T2F,message,1,63,63,
P9W,T9V,message,1,80,80,
P9W,X6J,message,1,73,73,
Q2M,B2F,gift,1,278,278,0
Q2M,B7N,message,1,205,205,
Q2M,C4D,gift,1,156,156,2
Q2M,C4D,message,1,197,197,
Q2M,C4X,gift,1,183,183,0
Q2M,D2G,gift,1,204,204,0
Q2M,F2K,message,1,206,206,
Q2M,F2M,gift,1,155,155,3
Q2M,G3W,gift,1,355,355,5
Q2M,G7P,gift,1,161,161,5
Q2M,J4V,message,1,271,271,
Q2M,J7V,message,1,114,114,
Q2M,L9P,gift,1,147,147,0
Q2M,M4D,message,1,279,279,
Q2M,Q4W,gift,1,146,146,0
Q2M,R3P,gift,1,263,263,5
Q2M,S2P,gift,1,152,152,5
Q2M,S2P,message,1,192,192,
Q2M,T2N,message,1,107,107,
Q2M,T4D,gift,1,115,115,0
Q2M,T4D,message,1,113,113,
Q2M,T7S,gift,1,154,154,1
Q2M,V4N,gift,1,253,253,6
Q2M,V4N,message,1,213,213,
Q2M,V7S,message,1,200,200,
Q2M,W7Q,gift,1,157,157,0
Q2M,W7Q,message,1,304,304,
Q2M,Z2G,gift,1,148,148,0
Q3N,B9B,gift,1,115,115,5
Q3N,D2G,gift,1,82,82,5
Q3N,F7X,gift,1,133,133,0
Q3N,J4V,gift,1,120,120,0
Q3N,J4V,message,1,131,131,
Q3N,J7V,message,1,121,121,
Q3N,P9Q,message,1,149,149,
Q3N,P9W,message,1,145,145,
Q3N,Q4W,message,1,106,106,
Q3N,S2N,message,1,61,61,
Q3N,S7D,message,1,150,150,
Q3N,T2B,message,1,46,46,
Q3N,T2F,message,1,105,105,
Q3N,T9V,message,1,104,104,
Q3N,W2F,gift,1,141,141,0
Q4D,S7D,message,1,66,66,
Q4D,V2B,message,1,57,57,
Q4D,X4G,message,1,55,55,
Q4D,X4R,harm,1,115,115,
Q4S,F9C,message,1,99,99,
Q4S,K4Q,message,1,20,20,
Q4S,Q3N,message,1,168,168,
Q4S,S7D,gift,1,104,104,0
Q4S,V2B,message,1,67,67,
Q4S,V6G,message,1,100,100,
Q4W,B9B,message,1,20,20,
Q4W,F6V,gift,1,119,119,0
Q4W,F6Z,gift,1,241,241,0
Q4W,J9D,gift,1,248,248,5
Q4W,V6G,message,1,101,101,
Q4W,X4R,message,1,15,15,
Q4W,Z2G,message,1,122,122,
Q6J,B6Z,message,1,135,135,
Q6J,C4D,message,1,91,91,
Q6J,D4Z,message,1,155,155,
Q6J,D7K,message,1,124,124,
Q6J,F9C,message,1,142,142,
Q6J,J9D,message,1,95,95,
Q6J,P4F,gift,1,125,125,0
Q6J,Q4S,message,1,164,164,
Q6J,W2M,message,1,137,137,
Q6J,X4G,message,1,121,121,
Q6J,X7J,message,1,175,175,
Q6P,C4D,message,1,197,197,
Q6P,D2Q,message,1,99,99,
Q6P,D7J,message,1,198,198,
Q6P,D7K,message,1,59,59,
Q6P,L9K,message,1,170,170,
Q6P,L9P,message,1,52,52,
Q6P,S2N,message,1,49,49,
Q6P,S4X,message,1,58,58,
Q6P,S7D,message,1,60,60,
Q6P,S9L,message,1,171,171,
Q6P,T2B,message,1,43,43,
Q6P,T2F,message,1,93,93,
Q6P,V6G,message,1,101,101,
Q6P,X4R,message,1,127,127,
Q7P,B2P,gift,1,204,204,5
Q7P,B2P,message,1,119,119,
Q7P,B6Z,message,1,158,158,
Q7P,S2N,message,1,194,194,
Q7P,S2P,gift,1,206,206,5
Q7P,S2P,message,1,192,192,
Q7P,S7D,gift,1,114,114,5
Q7P,T9N,message,1,118,118,
Q7P,V2V,gift,1,121,121,5
Q7P,V2V,message,1,151,151,
Q7P,V4N,gift,1,214,214,5
Q7P,V4N,message,1,213,213,
Q7P,V6G,message,1,108,108,
Q7P,W7Q,message,1,111,111,
Q7P,X4G,message,1,113,113,
R3P,B4B,message,1,127,127,
R3P,C4D,message,1,197,197,
R3P,C4X,gift,1,202,202,0
R3P,C6T,message,1,128,128,
R3P,D2G,message,1,117,117,
R3P,D3X,message,1,80,80,
R3P,D4J,gift,1,222,222,0
R3P,F7G,gift,1,29,29,2
R3P,J9D,gift,1,237,237,0
R3P,L9P,message,1,207,207,
R3P,N6P,message,1,86,86,
R3P,P4F,message,1,79,79,
R3P,Q6J,message,1,17,17,
R3P,S2N,message,1,49,49,
R3P,S7D,gift,1,121,121,6
R3P,S7D,message,1,120,120,
R3P,T2N,message,1,174,174,
R3P,T7F,gift,1,232,232,0
R3P,V2Z,message,1,280,280,
R3P,V7S,message,1,208,208,
R3P,X4G,message,1,55,55,
R3P,X7J,message,1,116,116,
R4X,B2P,message,1,163,163,
R4X,B9B,message,1,31,31,
R4X,D2Q,gift,1,250,250,5
R4X,G3W,message,1,252,252,
R4X,G7P,message,1,223,223,
R4X,J9D,gift,1,186,186,5
R4X,L9K,message,1,132,132,
R4X,M2P,message,1,254,254,
R4X,Q2M,message,1,249,249,
R4X,S2N,message,1,49,49,
R4X,S9L,message,1,48,48,
R4X,T2N,message,1,44,44,
R4X,V2B,harm,1,80,80,
R4X,V2V,gift,1,251,251,3
R4X,V4N,gift,1,159,159,5
R4X,W7Q,gift,1,161,161,5
R4X,W7Q,message,1,160,160,
R4X,X4R,gift,1,135,135,5
R4X,X4R,harm,1,92,92,
S2N,B9B,gift,1,114,114,0
S2N,B9B,message,1,21,21,
S2N,D3X,gift,1,112,112,0
S2N,J6L,message,1,136,136,
S2N,L9P,gift,1,152,152,0
S2N,M4D,gift,1,205,205,0
S2N,N6P,message,1,155,155,
S2N,P9Q,message,1,58,58,
S2N,Q7P,gift,1,134,134,0
S2N,S4X,gift,1,121,121,0
S2N,T4D,gift,1,113,113,0
S2N,T9V,gift,1,176,176,0
S2N,V2Z,gift,1,46,46,0
S2N,W7Q,gift,1,104,104,20
S2N,X4R,message,1,146,146,
S2P,B2F,gift,1,232,232,3
S2P,B2F,message,1,140,140,
S2P,D2Q,message,1,233,233,
S2P,D3X,message,1,173,173,
S2P,F6V,message,1,237,237,
S2P,J4V,message,1,243,243,
S2P,J9D,gift,1,184,184,5
S2P,N6P,message,1,155,155,
S2P,P4F,gift,1,197,197,0
S2P,P4F,message,1,206,206,
S2P,Q4W,gift,1,246,246,5
S2P,Q4W,message,1,244,244,
S2P,S2V,message,1,231,231,
S2P,T2N,message,1,174,174,
S2P,T3Q,gift,1,154,154,0
S2P,X4R,harm,1,119,119,
S2V,B6N,gift,1,83,83,5
S2V,D7J,message,1,232,232,
S2V,D7K,message,1,59,59,
S2V,F6Z,message,1,223,223,
S2V,J4V,message,1,243,243,
S2V,K4Q,message,1,20,20,
S2V,L3X,gift,1,183,183,0
S2V,L9K,message,1,45,45,
S2V,P9W,gift,1,160,160,0
S2V,Q4W,message,1,15,15,
S2V,S2N,message,1,61,61,
S2V,S4X,message,1,58,58,
S2V,S7W,gift,1,247,247,0
S2V,X7J,message,1,221,221,
S4K,V2Z,message,1,67,67,
S4X,B9B,message,1,33,33,
S4X,C4X,message,1,208,208,
S4X,D2Q,gift,1,162,162,5
S4X,F2M,message,1,116,116,
S4X,F6V,message,1,147,147,
S4X,J7F,message,1,87,87,
S4X,J9D,message,1,209,209,
S4X,L9K,message,1,77,77,
S4X,L9P,message,1,52,52,
S4X,M4D,message,1,281,281,
S4X,N6P,message,1,57,57,
S4X,Q4D,message,1,29,29,
S4X,Q4W,gift,1,106,106,0
S4X,Q6J,message,1,11,11,
S4X,S2N,message,1,120,120,
S4X,T2B,message,1,47,47,
S4X,V2B,message,1,67,67,
S4X,Z2G,message,1,66,66,
S7D,B6Z,gift,1,122,122,0
S7D,B9B,gift,1,115,115,0
S7D,D2G,message,1,84,84,
S7D,D4J,gift,1,87,87,0
S7D,D4J,message,1,76,76,
S7D,J4V,gift,1,116,116,0
S7D,P9Q,message,1,53,53,
S7D,Q7P,message,1,113,113,
S7D,T2B,message,1,60,60,
S7D,T4D,gift,1,120,120,0
S7D,T4D,message,1,114,114,
S7D,V4N,gift,1,118,118,0
S7D,V6G,message,1,101,101,
S7D,X4G,gift,1,121,121,0
S7D,Z2X,message,1,62,62,
S7W,C7W,message,1,58,58,
S7W,J4V,gift,1,244,244,5
S7W,J4V,message,1,243,243,
S7W,Q2M,gift,1,122,122,0
S7W,Q4W,gift,1,220,220,0
S7W,R3P,message,1,43,43,
S7W,S2N,message,1,60,60,
S7W,S4X,message,1,57,57,
S7W,T9V,message,1,71,71,
S9L,B7N,message,1,123,123,
S9L,D2G,message,1,177,177,
S9L,D2Q,message,1,202,202,
S9L,D4J,message,1,76,76,
S9L,F2M,message,1,181,181,
S9L,J9D,message,1,192,192,
S9L,M2P,gift,1,215,215,4
S9L,Q2M,message,1,203,203,
S9L,R3P,gift,1,201,201,5
S9L,S7D,message,1,48,48,
S9L,V3N,message,1,34,34,
S9L,V4N,message,1,213,213,
S9L,Z2X,message,1,35,35,
T2B,B7N,message,1,14,14,
T2B,K7X,message,1,70,70,
T2F,B6N,gift,1,275,275,0
T2F,B7N,message,1,13,13,
T2F,C4D,message,1,292,292,
T2F,D4J,gift,1,384,384,4
T2F,F2K,gift,1,398,398,4
T2F,F2M,gift,1,155,155,2
T2F,F7X,message,1,190,190,
T2F,F9C,gift,1,218,218,10
T2F,F9C,message,1,63,63,
T2F,L9P,gift,1,130,130,5
T2F,M4D,gift,1,276,276,0
T2F,M4D,message,1,307,307,
T2F,P4F,message,1,293,293,
T2F,Q4W,message,1,105,105,
T2F,R3P,message,1,201,201,
T2F,S2P,message,1,207,207,
T2F,T3Q,gift,1,219,219,6
T2F,V2V,gift,1,269,269,6
T2F,W2M,gift,1,131,131,5
T2F,X7J,message,1,274,274,
T2F,Z2G,message,1,64,64,
T2N,B2P,message,1,25,25,
T2N,D2Q,message,1,195,195,
T2N,D7K,message,1,121,121,
T2N,K4Q,message,1,18,18,
T2N,L6G,message,1,140,140,
T2N,Q2M,gift,1,108,108,10
T2N,S7D,gift,1,120,120,6
T2N,S7D,message,1,44,44,
T2N,T2F,message,1,105,105,
T2N,V3N,message,1,27,27,
T2N,V4N,message,1,75,75,
T2N,W7Q,message,1,94,94,
T3Q,B2F,gift,1,219,219,0
T3Q,B7N,message,1,205,205,
T3Q,C4D,gift,1,225,225,0
T3Q,D4J,message,1,173,173,
T3Q,D4Z,gift,1,155,155,0
T3Q,D4Z,message,1,160,160,
T3Q,F9C,message,1,218,218,
T3Q,G3W,gift,1,216,216,5
T3Q,J9D,gift,1,250,250,3
T3Q,M4D,message,1,151,151,
T3Q,R4X,gift,1,226,226,0
T3Q,R4X,message,1,186,186,
T3Q,S2P,message,1,153,153,
T3Q,S9L,message,1,181,181,
T3Q,T2N,message,1,174,174,
T3Q,T7S,gift,1,185,185,4
T3Q,T7S,message,1,184,184,
T3Q,T7V,gift,1,154,154,1
T4D,C4X,message,1,125,125,
T4D,L9K,gift,1,41,41,0
T4D,N6P,message,1,42,42,
T4D,Q2M,gift,1,118,118,0
T4D,Q2M,message,1,114,114,
T4D,Q4D,message,1,29,29,
T4D,Q4W,message,1,13,13,
T4D,Q7P,gift,1,110,110,5
T4D,S7D,gift,1,115,115,0
T4D,T2F,message,1,93,93,
T4D,T7S,message,1,30,30,
T4D,V2Z,gift,1,46,46,0
T7F,C6S,gift,1,63,63,0
T7F,D2Q,gift,1,233,233,0
T7F,D4J,gift,1,98,98,0
T7F,D4P,message,1,56,56,
T7F,F2K,message,1,241,241,
T7F,G3W,message,1,101,101,
T7F,J4V,gift,1,244,244,5
T7F,J4V,message,1,243,243,
T7F,J7F,message,1,34,34,
T7F,L7C,message,1,131,131,
T7F,P9Q,message,1,53,53,
T7F,S4X,message,1,57,57,
T7F,V2V,message,1,127,127,
T7F,W7Q,message,1,104,104,
T7F,X7J,message,1,247,247,
T7S,B2F,gift,1,235,235,1
T7S,B6N,gift,1,240,240,5
T7S,B6N,message,1,248,248,
T7S,D2Q,gift,1,196,196,0
T7S,D4J,gift,1,231,231,0
T7S,D6W,gift,1,148,148,2
T7S,D7J,gift,1,206,206,0
T7S,F2M,message,1,154,154,
T7S,J4V,message,1,85,85,
T7S,K7X,message,1,72,72,
T7S,L9P,message,1,147,147,
T7S,Q2M,gift,1,188,188,0
T7S,Q4S,message,1,164,164,
T7S,Q4W,gift,1,70,70,0
T7S,R3P,gift,1,195,195,5
T7S,R3P,message,1,95,95,
T7S,T2F,message,1,194,194,
T7S,T3Q,gift,1,185,185,0
T7S,T3Q,message,1,184,184,
T7S,V2B,message,1,71,71,
T7S,V2V,gift,1,271,271,5
T7S,V4N,gift,1,113,113,5
T7S,V6G,message,1,100,100,
T7S,W2M,gift,1,138,138,3
T7S,W7Q,gift,1,259,259,0
T7S,X6X,message,1,135,135,
T7V,D6W,message,1,83,83,
T7V,D7K,message,1,59,59,
T7V,J4V,message,1,85,85,
T7V,Q2X,message,1,167,167,
T7V,S2N,message,1,152,152,
T7V,T3Q,message,1,153,153,
T9J,C9V,message,1,78,78,
T9J,T9V,harm,1,59,59,
T9J,V3N,message,1,34,34,
T9N,C6Q,message,1,109,109,
T9N,D3X,message,1,173,173,
T9N,J7V,message,1,178,178,
T9N,L7C,gift,1,131,131,5
T9N,L9P,gift,1,130,130,5
T9N,M7Z,gift,1,123,123,5
T9N,V2V,message,1,151,151,
T9N,V4N,gift,1,134,134,3
T9N,V4N,message,1,118,118,
T9N,V7S,message,1,114,114,
T9N,W2F,gift,1,152,152,4
T9V,D2G,gift,1,116,116,0
T9V,D4J,message,1,93,93,
T9V,J7V,gift,1,178,178,0
T9V,J9D,message,1,92,92,
T9V,P4F,gift,1,115,115,5
T9V,Q4W,message,1,14,14,
T9V,R3P,gift,1,96,96,10
V2B,B2P,message,1,118,118,
V2B,D2G,gift,1,82,82,0
V2B,D7J,gift,1,198,198,5
V2B,J4V,gift,1,196,196,5
V2B,J4V,message,1,51,51,
V2B,L9K,gift,1,143,143,0
V2B,L9K,message,1,141,141,
V2B,Q4S,gift,1,77,77,0
V2B,Q4W,message,1,14,14,
V2B,R4X,gift,1,108,108,0
V2B,S4X,gift,1,175,175,0
V2B,S7D,gift,1,116,116,0
V2B,W2M,gift,1,106,106,0
V2B,Z2G,message,1,67,67,
V2V,B6N,message,1,225,225,
V2V,D4Z,message,1,139,139,
V2V,G3W,gift,1,216,216,5
V2V,G3W,message,1,179,179,
V2V,J4V,gift,1,121,121,5
V2V,J4V,message,1,271,271,
V2V,K7X,message,1,69,69,
V2V,L3X,message,1,73,73,
V2V,L7C,gift,1,133,133,5
V2V,L7C,message,1,131,131,
V2V,L9K,gift,1,134,134,10
V2V,L9K,message,1,132,132,
V2V,M2P,gift,1,281,281,0
V2V,S2P,gift,1,150,150,0
V2V,S2P,message,1,82,82,
V2V,S4K,message,1,61,61,
V2V,T2F,message,1,93,93,
V2V,T7S,message,1,269,269,
V2V,V6G,message,1,101,101,
V2V,V6L,message,1,23,23,
V2V,X4R,message,1,267,267,
V2Z,D7J,gift,1,249,249,0
V2Z,G3W,gift,1,293,293,0
V2Z,J4V,gift,1,277,277,0
V2Z,J7F,message,1,280,280,
V2Z,R3P,message,1,281,281,
V2Z,T2F,message,1,273,273,
V2Z,V2B,message,1,56,56,
V2Z,V2V,gift,1,178,178,0
V2Z,V4N,gift,1,278,278,0
V2Z,W2M,gift,1,137,137,0
V3N,J7V,message,1,62,62,
V3N,J9D,message,1,44,44,
V3N,S2N,gift,1,61,61,0
V3N,S2N,message,1,60,60,
V3N,S2P,message,1,82,82,
V3N,S7D,message,1,69,69,
V3N,T9J,message,1,35,35,
V3N,V2Z,message,1,47,47,
V3N,X4G,gift,1,31,31,0
V3N,Z2G,gift,1,30,30,0
V3Q,B2F,gift,1,278,278,0
V3Q,B2P,message,1,249,249,
V3Q,B6N,message,1,326,326,
V3Q,C4X,gift,1,332,332,0
V3Q,C4X,harm,1,282,282,
V3Q,D2Q,message,1,250,250,
V3Q,D7J,message,1,260,260,
V3Q,J7F,gift,1,280,280,0
V3Q,M2P,message,1,275,275,
V3Q,R4X,message,1,259,259,
V3Q,V2V,message,1,251,251,
V3Q,V2Z,gift,1,301,301,0
V3Q,V2Z,message,1,305,305,
V3Q,W2M,gift,1,274,274,0
V4N,B2F,message,1,140,140,
V4N,B2P,message,1,257,257,
V4N,B6N,gift,1,298,298,5
V4N,B6N,message,1,299,299,
V4N,C7D,message,1,137,137,
V4N,D2G,message,1,184,184,
V4N,D3X,message,1,75,75,
V4N,D4P,message,1,83,83,
V4N,D7J,message,1,198,198,
V4N,F2K,message,1,297,297,
V4N,G3W,message,1,366,366,
V4N,G7P,message,1,113,113,
V4N,J7F,message,1,88,88,
V4N,J7V,message,1,87,87,
V4N,J9D,gift,1,341,341,5
V4N,K7X,message,1,71,71,
V4N,L9P,message,1,139,139,
V4N,M2P,message,1,169,169,
V4N,M4D,gift,1,180,180,0
V4N,M4D,message,1,230,230,
V4N,P6X,message,1,119,119,
V4N,S2P,message,1,236,236,
V4N,S2V,message,1,235,235,
V4N,S7D,message,1,120,120,
V4N,T2F,message,1,160,160,
V4N,V2V,message,1,251,251,
V4N,W2M,message,1,138,138,
V4N,Z2X,message,1,61,61,
V6G,B7N,message,1,123,123,
V6G,C6T,message,1,128,128,
V6G,D4J,gift,1,101,101,10
V6G,G3W,gift,1,108,108,5
V6G,J4V,gift,1,103,103,0
V6G,J4V,message,1,100,100,
V6G,J9D,message,1,132,132,
V6G,L9K,message,1,124,124,
V6G,Q2X,message,1,12,12,
V6G,Q4W,message,1,13,13,
V6G,V4N,gift,1,169,169,0
V6G,X7J,gift,1,175,175,0
V6L,S7D,message,1,94,94,
V7S,B2F,gift,1,181,181,4
V7S,B2F,message,1,179,179,
V7S,B6N,gift,1,205,205,0
V7S,C7D,message,1,89,89,
V7S,D2Q,gift,1,202,202,0
V7S,F6V,gift,1,166,166,2
V7S,M4D,gift,1,167,167,3
V7S,M4D,message,1,180,180,
V7S,M7Z,message,1,126,126,
V7S,Q2M,gift,1,201,201,0
V7S,Q4W,message,1,13,13,
V7S,R3P,message,1,79,79,
V7S,T2B,message,1,47,47,
V7S,T2F,message,1,63,63,
V7S,T9N,message,1,115,115,
V7S,T9V,message,1,116,116,
V7S,W2M,message,1,169,169,
V7S,X4R,harm,1,157,157,
V7S,Z2G,message,1,64,64,
W2F,C7D,gift,1,137,137,0
W2F,F7X,message,1,133,133,
W2F,J4V,message,1,85,85,
W2F,J7V,message,1,62,62,
W2F,R4X,message,1,41,41,
W2F,S2N,message,1,167,167,
W2F,T7S,gift,1,166,166,3
W2F,T9N,message,1,151,151,
W2F,V2B,message,1,140,140,
W2F,W2M,message,1,138,138,
W2F,X6X,message,1,135,135,
W2M,B6N,gift,1,299,299,5
W2M,B6N,message,1,298,298,
W2M,C4D,message,1,135,135,
W2M,D2G,message,1,117,117,
W2M,D3X,gift,1,90,90,0
W2M,D7J,message,1,169,169,
W2M,F6V,message,1,165,165,
W2M,J4V,gift,1,243,243,5
W2M,J4V,message,1,107,107,
W2M,J7V,gift,1,187,187,6
W2M,J7V,message,1,186,186,
W2M,L3X,message,1,166,166,
W2M,M2P,gift,1,263,263,5
W2M,Q6J,message,1,138,138,
W2M,R3P,gift,1,79,79,5
W2M,R3P,harm,1,238,238,
W2M,R4X,message,1,35,35,
W2M,S9L,gift,1,78,78,3
W2M,T2F,gift,1,324,324,5
W2M,T7V,gift,1,161,161,0
W2M,T9V,gift,1,115,115,0
W2M,V2V,gift,1,262,262,5
W2M,V3Q,gift,1,274,274,6
W2M,V4N,gift,1,214,214,5
W2M,X4G,message,1,113,113,
W2M,X6J,message,1,134,134,
W2M,X7J,gift,1,116,116,0
W2M,X7J,message,1,390,390,
W2M,Z2G,message,1,128,128,
W6B,B2F,message,1,179,179,
W6B,B7N,message,1,205,205,
W6B,C4D,gift,1,174,174,0
W6B,D4J,gift,1,209,209,5
W6B,D4J,harm,1,210,210,
W6B,D4P,message,1,171,171,
W6B,D7J,gift,1,198,198,5
W6B,D7J,message,1,172,172,
W6B,F9C,message,1,226,226,
W6B,G7P,message,1,170,170,
W6B,J4V,gift,1,193,193,5
W6B,J4V,message,1,196,196,
W6B,J7V,gift,1,192,192,4
W6B,J7V,message,1,178,178,
W6B,M2P,message,1,169,169,
W6B,Q4W,gift,1,151,151,0
W6B,S2N,gift,1,195,195,5
W6B,S2P,gift,1,152,152,5
W6B,T2F,gift,1,190,190,0
W6B,T7S,gift,1,194,194,0
W6B,T7S,message,1,164,164,
W6B,T9V,gift,1,177,177,30
W6B,X7J,gift,1,191,191,0
W7Q,B2F,message,1,232,232,
W7Q,B6N,message,1,358,358,
W7Q,C4X,harm,1,283,283,
W7Q,C4X,message,1,202,202,
W7Q,D4J,gift,1,98,98,0
W7Q,D4P,message,1,163,163,
W7Q,D4Z,message,1,119,119,
W7Q,F2K,message,1,261,261,
W7Q,F4Z,message,1,78,78,
W7Q,G3W,message,1,342,342,
W7Q,J6L,message,1,58,58,
W7Q,L7C,message,1,134,134,
W7Q,L9P,harm,1,56,56,
W7Q,N6P,message,1,86,86,
W7Q,P9Q,message,1,57,57,
W7Q,Q4W,message,1,76,76,
W7Q,Q7P,gift,1,112,112,5
W7Q,Q7P,message,1,110,110,
W7Q,R4X,gift,1,161,161,5
W7Q,S2N,message,1,48,48,
W7Q,S2P,message,1,146,146,
W7Q,S2V,message,1,249,249,
W7Q,T2F,gift,1,267,267,0
W7Q,T2F,message,1,363,363,
W7Q,T3Q,gift,1,224,224,0
W7Q,T7F,message,1,247,247,
W7Q,V2V,gift,1,131,131,5
W7Q,V4N,gift,1,113,113,5
W7Q,V4N,message,1,351,351,
W7Q,V6G,gift,1,108,108,5
W7Q,W2M,gift,1,106,106,5
W7Q,W2M,message,1,138,138,
W7Q,X4G,message,1,118,118,
W7Q,X4R,harm,1,143,143,
W7Q,X7J,gift,1,220,220,0
W7Q,X7J,message,1,362,362,
W7Q,Z6J,message,1,64,64,
W9R,L9K,gift,1,62,62,0
W9R,P6X,message,1,78,78,
W9R,R3P,gift,1,79,79,5
X3C,M4D,message,1,50,50,
X3C,Q4W,message,1,13,13,
X3C,R4X,message,1,35,35,
X3C,T2B,message,1,43,43,
X4G,B4B,gift,1,140,140,5
X4G,M9P,message,1,32,32,
X4G,Q6J,gift,1,122,122,0
X4G,T2B,message,1,44,44,
X4G,X6X,gift,1,118,118,0
X4R,B6N,message,1,136,136,
X4R,P9Q,message,1,58,58,
X4R,R3P,gift,1,153,153,5
X4R,R3P,message,1,138,138,
X4R,T2B,message,1,44,44,
X4R,T3Q,message,1,122,122,
X4R,T9N,message,1,168,168,
X4R,V6G,message,1,137,137,
X6J,F2M,message,1,135,135,
X6J,F9C,message,1,63,63,
X6J,M4D,message,1,50,50,
X6J,N6P,message,1,37,37,
X6J,V2B,gift,1,140,140,0
X6J,Z2G,message,1,64,64,
X6X,B2P,message,1,118,118,
X6X,C4D,gift,1,136,136,3
X6X,G7P,message,1,152,152,
X6X,J9D,message,1,180,180,
X6X,S2N,message,1,153,153,
X6X,S9L,message,1,181,181,
X6X,T2B,message,1,47,47,
X6X,X4G,message,1,117,117,
X6X,X4R,message,1,177,177,
X6X,Z2G,message,1,67,67,
X7J,B2P,gift,1,162,162,3
X7J,B2P,message,1,204,204,
X7J,B6Z,gift,1,321,321,5
X7J,B7N,message,1,205,205,
X7J,C4D,message,1,156,156,
X7J,C4X,gift,1,304,304,2
X7J,C4X,message,1,361,361,
X7J,C6Q,gift,1,237,237,0
X7J,C6Q,message,1,241,241,
X7J,D2Q,gift,1,252,252,5
X7J,D2Q,message,1,250,250,
X7J,F6V,gift,1,192,192,0
X7J,F6Z,gift,1,271,271,5
X7J,J6L,gift,1,118,118,5
X7J,J6L,message,1,154,154,
X7J,K4Q,message,1,21,21,
X7J,L3X,gift,1,183,183,0
X7J,P4F,message,1,206,206,
X7J,P6X,gift,1,78,78,10
X7J,Q2M,gift,1,251,251,5
X7J,R3P,gift,1,117,117,5
X7J,R3P,message,1,217,217,
X7J,S9L,message,1,181,181,
X7J,T7S,gift,1,184,184,0
X7J,T7V,message,1,161,161,
X7J,T9V,message,1,116,116,
X7J,V2V,message,1,207,207,
X7J,V3Q,gift,1,272,272,6
X7J,V6L,message,1,22,22,
X7J,V7S,message,1,208,208,
X7J,W2M,message,1,138,138,
Z2G,B2P,message,1,25,25,
Z2G,B9B,message,1,32,32,
Z2G,C4X,message,1,134,134,
Z2G,D2Q,gift,1,145,145,6
Z2G,D6W,message,1,28,28,
Z2G,F9C,message,1,26,26,
Z2G,G7P,message,1,41,41,
Z2G,K4Q,message,1,21,21,
Z2G,M2P,gift,1,131,131,3
Z2G,P9Q,gift,1,149,149,0
Z2G,Q4W,gift,1,123,123,5
Z2G,R3P,message,1,16,16,
Z2G,S7D,message,1,64,64,
Z2G,T7S,message,1,30,30,
Z2G,V3N,message,1,29,29,
Z2G,W9R,message,1,54,54,
Z2X,B9B,message,1,31,31,
Z2X,C6Q,message,1,62,62,
Z2X,D7K,message,1,59,59,
Z2X,Q6J,message,1,12,12,
Z2X,S2N,message,1,48,48,
Z2X,T2B,message,1,44,44,
Z2X,T9V,message,1,29,29,
Z2X,X4R,message,1,52,52,
Z6J,B6N,gift,1,83,83,5
Z6J,S2N,gift,1,61,61,0
Z6J,S2N,message,1,60,60,
Z6J,S7D,gift,1,82,82,0
Z6J,W7Q,gift,1,65,65,0
Z6J,Z9T,message,1,33,33,
Z9T,Q4D,gift,1,29,29,5
